id,PyEGo,DockerizeMe,pipreqs,PyEGo-s2,PyEGo-s3
00056d4304c58a035c87cdf5ff1e5e3e,√,√,×,√,×
000eccf3d66540d75def,√,×,×,√,√
00135b0dfee0ae165ad2,×,×,×,×,×
005bbad123ef309a5bef,×,×,×,×,×
005ceac0483fc5a581cc,×,×,×,×,×
00a17b1d374dfc267a9a,√,×,×,√,√
00a4835bf36513ca58a3,×,×,×,×,×
00e9638c0efad1adac878522cf172484,√,×,×,×,×
011004bcac763eaf6f28,×,×,×,×,×
0115e0ce312f26ff59f4fbf4f5821ca2,×,√,×,×,×
015e2ce27cecdea63564,√,√,√,×,√
01886b6f79ba0c4dce66,√,√,×,√,√
0191e14717af68bbba81,√,√,√,√,√
019fd5c706e0bc94879f,×,×,×,×,×
01b8b8e1909ae0f601c85e142f2bd15b,×,×,×,×,×
01bf3900d3a02c4e3927b2a2bcf39100,×,×,×,×,×
01c99322cf985e771827,×,×,×,×,×
026a4d6400b1efac9a13a3296f16e655,×,×,×,×,×
02ff378b3a91de94306a84d3aa2228bb,×,×,×,×,×
0306734dfe17076dfd34e09660c198c0,√,×,×,√,√
034e799c19eb763fa859,√,√,×,√,√
035dc3b722b7f89cce66520dde285c9a,×,×,×,×,×
037e4134d8271c0de71b838a461e7ac1,√,×,×,√,√
03d9c46c86691c9bb680,√,√,×,√,√
03de5c4c21138da5c29d,×,×,×,×,×
044682e76def583a12e6c09209c664a1,×,√,×,×,×
045c887b6ccdf0edf4648da0c40bcc12,√,×,×,√,√
046e434c51057dc9588762edd40199b1,×,×,×,×,×
04c2b5ce5978c0d66e6e,×,×,×,×,×
04ef258fa29e4e685287a30cf60462d0,×,×,×,×,×
04f3047ca8770f4a3a58,×,×,×,×,×
051e881fc94fe4a49295,√,√,√,√,√
053b89bd6975f89f043871335dce8c5b,√,×,×,√,√
053db410f7fdd4e1d6034a0a7fd45d9b,√,×,√,√,√
054023c4fca5369ffdb2,×,×,×,×,×
056626de3fbdc7cf7b59de1d9f6279d1,×,×,×,×,×
05aadb969e43788593d3,×,×,×,×,×
05bec6966701f720c3aa,√,×,√,×,√
05ff99985269200cdc4854ddc04fa6e9,√,√,√,√,√
0618f44dc5270f9a2be2826d0d933ed7,×,√,×,×,√
06336eb10a1628850d6f,√,×,√,√,√
06649145d7e6c4c147c02459fd2bc5af,×,×,×,×,×
070c805d947bd17c7a19,√,×,√,√,√
071932322204bcad6063,×,√,√,×,×
075c35b536cc08b832e353f2f43c0bdc,√,×,×,√,√
076424abd8b012371b516da32807ca14,×,×,×,×,×
076bbc6a0d5056d20ad45095b434b02d,√,√,√,√,√
07cdfc2826a565b50a68,√,√,√,√,√
0830affa1f7f19fd47b06d4cf89ed44d,×,×,×,×,×
083777cb1f8c9efe6418c75d18bdd32b,√,×,×,√,√
0932b2b5293839cd7d79fa6b513c8128,√,√,×,√,√
09648344984565f9477a,×,×,×,×,×
096f3b651b268b7af4c8c32475fa23d1,×,√,×,×,×
097f97f4cb67c554f04dba6b5a09a506,×,×,×,×,×
098f399d69f230521ef530baca832e76,×,×,×,×,×
09b1f5403c63ceab5ae34710cbe2809e,√,×,×,√,√
09cae53bf67ea8a39700,√,×,×,√,√
09f5ab44486b1fc6df7bf20ce57159f1,√,√,×,√,√
0a2ac74d800a2eff9540,×,×,×,×,×
0a3d4fae965bdbec1f9d,×,×,×,×,×
0a509faf231cff3cdec7,×,×,×,×,×
0aaa9e4659977a98fc9f36d6887fef37,√,×,×,√,√
0acf77b2c022e2467cfb0d5493d454d6,√,√,×,√,√
0afa43225bdbe8e803cb,×,×,×,×,×
0b42dbd687ae3b838728,√,√,×,√,√
0b677b13fca6cd0905ca,×,×,×,×,×
0b7e91487dcf10c0b8e8711eb6d73bc5,√,√,×,√,×
0b92b9ca837a0f5474c732876220db78,√,√,√,√,√
0b942dd86f01efe996b8977b158c37a6,√,×,×,√,√
0b9d8a742fe0efe0fe82,√,×,×,√,√
0ba0270279a0f38280423754cea2ee1e,×,×,×,×,×
0bc7d313e7a84b708374,√,×,×,√,√
0bdd7059a08cbcd00898,×,×,×,×,×
0c01b7a27e512db480847fac2cc54103,×,×,×,×,×
0c10e910e514832b7103,×,×,×,×,×
0c7ccae5d764ff61788fc626096e5688,√,√,×,√,√
0ca2272c015266e667924836364349c3,√,√,×,√,√
0cdd8d6adb8463961f50bd1845faddf8,√,×,×,√,√
0cfe89a89b892e47e8418e281dfe318d,×,×,×,×,×
0d1baad4e3a871587ab1,√,√,×,√,√
0d25683d9c8fce27edd3,×,×,×,×,×
0d5a709bbb4186d1f45f2af14c65b110,×,×,×,×,×
0d5b3e7cc89cb2180c6e,√,√,×,√,√
0d9745f39a034758e51e,×,×,×,×,×
0d9f91f789f0c523b0e7,×,×,×,×,×
0db840f27f1f0fd0747f13ab80d0ca37,√,×,×,√,√
0db858e055cc2bae953b435f5116aaa8,√,√,√,√,√
0e7d366d2e3623c5bb95,×,×,×,×,×
0ec0c3f5ca69bac2b625,√,√,×,√,×
0ee6dd444994fd67f63b,√,×,×,√,√
0efb4d07f28af1c8fc1b,×,×,×,×,×
0efb90d998c59d5926ca7f4e79054361,×,×,×,×,×
0efcacfb43827ba3a6bac3356315c419,√,×,×,√,√
0f450e738bf79c003253,×,×,×,×,×
0f575a0891cfef5f1b0024c89dcbaeea,×,×,×,×,×
0f5f65ddbfa278713f58,×,×,×,×,×
0f87efc363309e99d600e3a6300fbcff,×,×,×,×,×
10005117,√,×,×,√,√
10010307,×,×,×,×,×
10011921,√,×,×,×,√
10016605,×,×,×,×,×
10023837,×,×,×,×,×
1009475,×,×,×,×,×
101323115e70bb6671d3,×,×,×,×,×
10206392,×,×,×,×,×
1023456,×,×,×,×,×
10235798,√,√,×,√,√
1025525,×,×,×,×,×
1025736,×,×,×,×,×
10281460,√,×,×,√,√
1029336,√,√,×,√,√
10295174,×,×,×,×,×
1029870,×,×,×,×,×
10335601,×,×,×,×,×
1035190,√,×,×,√,√
10354951,×,×,×,×,×
1035890,×,×,×,×,×
1036883,×,×,×,×,×
1038987,√,√,×,√,√
1040366,×,×,×,×,×
1041172,×,×,×,×,×
1042719,√,×,×,√,√
1042778,√,√,×,√,√
10438748,×,×,×,×,×
1044215,×,×,×,×,×
1045108,√,×,×,√,√
10491632,√,√,×,√,√
1052286,×,×,×,×,×
1054969,×,×,×,×,×
1055161,×,×,×,×,×
10554232,×,×,×,×,×
1055992,√,√,×,√,√
10567484,√,√,×,√,√
10589494,√,√,×,√,√
1059647,×,×,×,×,×
1065196,√,√,×,√,√
1068021,√,√,×,√,√
1068255,√,√,×,√,√
1068868,×,×,×,×,×
106c49a3ae6d420937aa,√,×,×,√,√
1072977,√,×,×,√,√
1074124,√,×,√,√,√
1074202,×,×,×,×,×
1074227,×,×,×,×,×
1074551,×,×,×,×,×
1077318,×,×,×,×,×
1077970,×,×,×,×,×
10792332,√,×,×,√,√
1082570,×,×,×,×,×
1083908,×,×,×,×,×
1088273,×,×,×,×,×
1091026,×,×,×,×,×
10938795,×,×,×,×,×
1094832,×,×,×,×,×
10955449,√,×,×,√,√
1096373,×,×,×,×,×
1098968,√,√,×,√,√
10a742de43246210f3ba,√,√,√,√,√
10cd35b2872628246140,×,×,×,×,×
1104507,√,×,×,√,×
1104553,×,×,×,×,×
1107375,√,×,×,√,√
11078820,√,√,×,√,√
1108817,√,√,×,√,√
1109153,√,√,√,√,√
1112928,×,×,×,×,×
11129975,√,×,×,√,√
11181988,×,√,√,×,×
1118585,×,×,×,×,×
11192605,√,√,×,√,√
111c8ee32505a11ad7a6c629f277c2a4,×,×,×,×,×
11215761,√,√,×,√,√
11242170,×,×,×,×,×
1124bb02a9fd4abce3d86caf2f950cb2,√,√,×,√,×
1125832,×,×,×,×,×
11280233,×,×,√,×,×
11284662,×,×,×,×,×
11292725,×,√,×,×,×
1133602,×,×,×,×,×
1134410,×,×,×,×,×
113635,√,√,×,√,√
11367287,×,√,×,×,×
11375647,×,×,×,×,×
11378945,√,√,×,√,√
1140136,√,√,×,√,√
1140516,√,√,×,√,√
11405336,×,×,×,×,×
1142740,√,×,×,√,√
1147973,√,×,√,√,√
11526013,×,√,×,×,×
11538913,×,×,×,×,×
1160201,×,√,×,×,×
1160696,×,×,×,×,×
1161423,√,√,×,√,√
1165038,√,√,√,√,×
1165344,×,×,×,×,×
1177373,√,×,×,√,√
1183767,√,√,×,√,√
1183842,×,×,×,×,×
1184264,×,×,×,×,×
1186126,×,×,×,×,×
1189327,×,×,×,×,×
1191457,×,√,√,×,×
1192059,√,√,√,√,√
1196291,×,×,×,×,×
1200485,×,×,×,×,×
1202066,√,√,×,√,√
1202516,×,×,×,×,×
1203640,√,√,×,√,√
1207636,√,√,×,√,√
1210791,×,×,×,×,×
1217855,×,×,×,×,×
1218932,×,×,×,×,×
1219671,×,×,×,×,×
1219955,×,×,×,×,×
1228626,√,√,×,√,√
1229681,√,√,×,√,√
1229685,√,√,×,√,√
1229770,×,×,×,×,×
122f258ba6eaa23dd9c5,×,×,×,×,×
1231964e784ab9acb65d,×,×,×,×,×
1233846,×,×,×,×,×
1234843,×,√,×,×,×
1239373,√,×,√,√,√
1239674,×,×,×,×,×
1242589,×,×,×,×,×
1246146,×,×,×,×,×
1246268,√,√,×,√,√
1248728,×,×,×,×,×
1251716,√,×,×,√,√
1253332,√,√,√,√,√
1254809,√,√,√,√,√
125559,√,×,×,√,√
1260ba896d448bad0eebdf26b80c00cc,√,√,×,×,×
1262332,×,×,×,×,×
1264102,×,√,×,×,×
1265346,√,√,×,√,√
1267632,√,√,×,√,√
1268033,√,√,×,√,√
1269098,×,×,×,×,×
1269949,√,√,×,√,√
127368f7dc810dd37fe18aee87dd2ee2,×,×,×,×,×
1275204,√,√,×,√,√
1277655,×,×,×,×,×
1283684,×,×,×,×,×
1284577,√,×,√,√,√
1285742,×,×,×,×,×
1288025,×,×,×,×,×
1288160dad16cc473a53,√,×,×,√,√
1289286,√,×,×,√,√
1290744,×,×,×,×,×
12da69b95d010c8a810fd384cca8d02a,√,×,×,√,√
1303651,×,√,×,×,×
130583,√,√,×,√,√
1306719,√,×,×,√,√
1307521,×,×,×,×,√
1308865,√,√,×,√,√
1309895,×,×,×,×,×
130cd92dc47c56c47030,√,√,×,√,√
1310549,×,×,×,×,×
1315148,×,×,×,×,×
1320970,×,×,×,×,×
1321295,×,×,√,×,×
1321575,√,√,×,√,√
1321585,√,√,×,√,√
1323194,×,×,×,×,×
1326477,×,×,×,×,×
1327072,√,√,×,√,√
1329319,√,√,√,√,√
1337131,×,×,×,×,×
1338222,√,√,×,√,√
1342497,×,×,×,×,×
1342942,√,√,×,√,√
1343455,×,×,×,×,×
134acb5f7423312effcc98ec56679136,×,×,×,×,×
1350641,×,×,×,×,×
1351047,×,×,×,×,×
1352028,×,×,×,×,×
1355170,×,×,×,×,×
1357185,×,×,×,×,×
1358794,×,×,×,×,×
1361643,×,×,×,×,×
13623f68e36fdad4cb67,√,×,×,√,√
1362a8908be01e23041d,×,×,×,×,×
1363730,√,√,×,√,√
1367378,×,×,×,×,×
1369619,√,√,×,√,√
1372780,×,×,×,×,×
137653,×,×,×,×,×
137667,×,×,×,×,×
1379479,×,×,×,×,×
1379652,√,√,×,√,√
1381489,×,×,×,×,×
1382972,√,√,×,√,√
1387470,×,×,×,×,×
1388243,√,√,×,√,√
1390853,√,√,×,√,√
1395810,×,×,×,×,×
139f710ca91ed5fabaf9e6616d2c762b,√,×,×,√,√
13f02f45a41ad90f454f,×,×,×,×,×
1401195,×,×,×,×,×
1402045,√,√,×,√,√
1402892,√,√,×,√,√
1410088,×,×,×,×,×
1410094,√,√,√,√,√
1411980,√,√,×,√,√
1417f55cb896a44e68a6,×,×,×,×,×
1423116,×,×,×,×,×
1423373,√,√,×,√,√
1424374,×,×,×,×,×
1433392,√,√,√,√,√
1433794,√,√,×,√,√
1435045,√,×,√,×,√
1435555,√,×,√,√,√
1436671,×,×,×,×,×
143e65a425722dc2f3d0,√,×,×,√,√
1440567,√,√,×,√,√
1440754,×,×,×,×,×
1441019,√,×,×,√,√
144747,√,√,×,√,√
1451300,√,√,×,√,×
1453629,√,√,×,√,√
1459283a9c934cbc41f3,×,×,×,×,×
1467584,×,×,×,×,×
1473120,×,×,×,×,×
1483322,√,√,×,√,√
1486762,×,×,×,×,×
1495011,×,×,×,×,×
1497850,×,×,×,×,×
14a8d6bf4783f4704c8a,×,×,×,×,×
14f34c2b8153d9b4f336df8535b3416a,×,√,×,×,×
1507152,√,√,×,√,√
1509946,×,×,×,×,×
1516095,×,×,×,×,×
1519543,×,×,×,×,×
1521059,×,×,×,×,×
1522bcdb5b05365c0222,×,×,×,×,×
1526444,√,√,×,√,√
152f15b2dadca9a74039aeab944714af,×,×,×,×,×
1534135a419bb0b957b9,×,√,×,×,√
1545255,×,√,×,×,×
1551619,×,×,×,×,×
1554441,√,√,×,√,√
1556251,×,×,×,×,×
1558831,×,×,×,×,×
1561144,√,√,×,√,√
1567224,×,×,×,×,×
1572547,×,×,×,×,×
1574231,×,×,×,×,×
1589531,√,×,×,√,√
1590178,×,×,×,×,×
15b3c2a2e9bc7a3c345138a32e029969,×,×,×,×,×
15f0772db25343be0bb7072f15992a4e,×,×,×,×,×
1600408,×,√,×,√,×
1608287,×,×,×,×,×
160c990c61c5f527445c,×,×,×,×,×
1610922,√,√,×,√,×
1628838,√,√,×,√,√
1638546,×,×,×,×,×
1638695,×,√,×,×,×
1639941,×,×,×,×,×
163f5fdf47ab45d7addd,√,×,×,√,√
1646117,√,√,√,√,×
1650115,×,×,×,×,×
1650418,×,×,×,×,×
1653394,×,×,×,×,×
166499794efcdfde4d00,×,×,×,×,×
1676440,√,×,×,√,√
1679110,√,√,×,√,√
1685139,×,×,×,×,×
1685580,×,×,×,×,×
1688557,√,√,×,√,√
168c9d74b988391e702aac5f4aa69e41,√,√,√,√,√
1693769,√,×,×,√,√
1694496,√,×,×,√,√
16c0eb09d232461a773c22803a3df35e,×,×,×,×,×
16ce4914683da30f87d0,√,√,×,√,√
16e35ed936bab863a29b,×,×,×,×,×
1701305,×,×,×,×,×
1701845,×,×,×,×,×
1702293,×,√,×,×,×
1705235,×,×,×,×,×
1707483,√,√,×,√,√
1710122,√,×,×,√,√
1714d2952c09b96ba2d8777f1cbf9de1,√,√,×,√,√
1715202,√,×,×,√,√
1716699,×,×,×,×,×
1720032,√,×,×,√,√
1722150,×,×,×,×,×
1722465,√,×,×,√,√
1722663,×,×,×,×,×
1727204,√,×,×,√,√
1728255,×,√,√,×,×
173778fd95b9e21afd1aa4ed16bb0694,×,×,×,×,×
174056,√,×,×,√,√
1748a6676120a0aacea2,√,√,×,√,√
1752014,√,√,×,√,√
1757120,×,×,×,×,×
1757c55017ef2bfcc070909bdf0e6547,√,√,×,√,√
1760854,√,√,×,√,√
1761714,√,√,×,√,√
1766791,√,×,×,√,√
1771937,√,√,×,√,√
1773870,×,×,×,×,×
1776202,√,√,×,√,√
177e37756c833768a21d446cc4921c6e,√,√,×,×,×
1780878,×,×,×,×,×
1788517,√,√,×,√,√
1791644,√,√,√,√,√
1792428,×,×,×,×,×
1792732,√,√,×,√,√
1795840,×,×,×,×,√
1805981,×,×,×,×,×
1808234,×,×,×,×,×
1810707,√,√,√,√,√
1815146,×,×,×,×,×
1818351,√,√,×,√,√
1820074,√,×,×,√,√
1820829,√,×,×,√,√
1823320,√,√,×,√,√
18235723e926be0afbdd,×,×,×,×,×
1825401,×,×,×,×,×
1835224,√,√,×,√,√
1844928,×,×,×,×,×
18531dba2bec928424c0,√,√,√,√,√
1858252,√,√,×,√,√
1860715,×,×,×,×,×
1871929,√,√,×,√,√
1873692,×,×,×,×,×
1876859,×,×,×,×,×
1877577,×,×,×,×,×
187895beb89f0a1b3a54,×,×,×,×,×
1878983,√,×,√,√,√
1879626,×,×,×,×,×
1882562,√,√,×,√,√
18a73aa5dab4b574e2f5,√,√,×,√,√
18a8e06c2b179bb78353fbacfeee82da,√,×,×,√,√
18e6b6ed5d69b057e773,×,×,√,×,×
1907f96e6e680bbeb15393d4f441b55e,×,×,×,×,×
1911238,×,×,×,×,×
1912053,×,×,×,×,×
19154831c2049a69e8d53dea8cf3e744,√,×,×,√,×
1918389,×,×,×,×,×
1919511,×,×,×,×,×
191d15e28c39246a2525,√,√,×,√,√
1920535,×,√,×,×,×
1927a29f642593861afc,√,√,×,√,√
1928063,√,√,×,√,√
19284bd220165758a0c953ae25108b6b,×,×,×,×,×
19317d3e4b9a58f2355e7643040d483a,√,×,×,√,√
1935808,×,×,×,×,×
1940208,×,×,×,×,×
1943426,×,×,×,×,×
1947166,√,×,×,√,√
1950267,×,×,×,×,×
1951709,√,×,×,√,√
1969d4648458cf876af92b3507856d70,×,×,×,×,×
1971061,×,×,×,×,×
1997771,√,×,×,√,√
19a4b105d1dff9a591b8,√,√,×,√,√
19d2397ff8da1952556cf2417d965f6c,√,√,×,√,×
1a43c785226a06a72872,×,×,×,×,×
1ad56b7720af8d706e7f22cbcb8c6d70,×,×,×,×,×
1aefa4509e066690b892,×,×,×,×,×
1b42a20c8f3eb9bb7cb8,×,×,×,×,×
1b49c03968b2c83897a4a15c78980b18,√,×,×,√,√
1b94c541ffc158d3e668810b75d69405,√,×,√,√,√
1bd64fbbbc07f2a7634bcb9275929dac,×,×,×,×,×
1c160c9eee91fd44c587,×,×,×,×,×
1c3176fe9e38dcaadd1e56c2f15c95d9,×,×,×,×,×
1c48360bde201b3d54ab,×,×,×,×,×
1c9b352ba19b5e33f9c4,√,×,×,√,√
1cae669defce037511ada4e0ed01b3cd,√,×,×,√,√
1cb4d81fed37fd06ef60d08c1181f557,×,√,×,×,×
1cb65c4b5be2575ea3ab,×,×,×,×,×
1cd6ce82490d2c0f2e0a,×,×,×,×,×
1cec2b3d8aeaaa102e3b,×,×,×,×,×
1d08fa7af5ab846211ace2447e1e3e8a,×,×,×,×,×
1d596ca757a541da96ac3caa6f291229,×,×,×,×,×
1d5b3ad08201b7df48c7f25a169d0021,√,√,×,√,×
1d7cb531bb8fff8c228b7710126bcc33,√,×,√,√,√
1d878d0401b28b281eb75016ed29f2ee,×,×,×,×,×
1da13f548200d9fb2b06,×,×,×,×,×
1ddc318b4124ed152f6d,√,√,×,√,√
1df6d34cd1b2861eb6b7432ee7245ccd,×,×,×,×,×
1e1d383fb21841e8f144,×,×,×,×,×
1e2600ed62d5e76b21ee,√,×,×,√,√
1e5404260b7e3a8ba4ba0a0d62c0cf75,√,√,×,√,√
1e58686b6d5193cbaf30,×,×,×,×,×
1e7c18c6f6eda87f1cb4995b0e6a22a5,√,×,×,√,√
1e7c794842755683162b,√,×,×,√,√
1e7e3c1da32d00f8ce0dff6b86fd45fe,√,×,×,√,√
1e8ab5bcf1a3af2c20de,√,×,√,√,×
1ebaeaaa7f7408647fef,×,×,×,×,×
1ed9763ab4aa98516a7d,×,×,×,×,×
1f140573b37939e78eb5,×,√,×,×,×
1f66e4d58074d64c8268,√,×,×,√,√
1f8dfb1b5c82627ae3efcfbbadb9f514,×,√,×,×,×
1fa4f3360ffdb1e69507,×,×,×,×,×
1fe7b9ef3e6108216759,√,×,×,√,√
2005165,√,√,×,√,√
20089f4abf9706d0cdc4,×,×,×,×,×
2011426,√,√,×,√,√
2019037,×,×,×,×,√
2020955,×,×,×,×,×
2021781,√,√,×,√,√
2025129,√,√,×,√,√
2030390,√,√,×,×,√
2031484,×,√,×,×,×
2032428,×,×,×,×,×
2032745,×,×,×,×,×
20336,×,×,×,×,×
2038329,×,×,×,×,×
204a609ee295c81c3cc202ecbe68752c,√,×,×,√,√
2054744,√,√,×,√,√
2061456,×,√,×,×,×
2068759,√,×,√,√,√
2083178,√,×,√,√,√
20a147e657ee5e8d8666,√,√,×,√,√
20a36f89546854cc434ecee70522cb8d,×,×,×,×,×
20d90e1f21792a67eb6d27c445aa7a1f,√,×,√,√,√
211868b4f589428d2626,√,√,√,√,√
2142891,√,√,×,√,√
215101,√,√,√,√,√
2152643,√,×,×,√,√
215274,×,×,×,×,×
2172888,√,√,×,√,√
217bfb7e54c6f75b9b1b2b3d73a1a43a,×,×,×,×,×
2184906,×,×,×,×,×
2192812,×,×,×,×,×
21b4442b7e7f36f6a17b,√,×,×,√,×
21fbffd7a7990f5e066c,×,×,×,×,×
2203822,×,×,×,×,×
2205aa857901be69a4186b7a74334a41,×,√,×,×,×
220d56ea6fe9a85a4d762128b11adfba,√,√,×,√,√
2213915,×,×,×,×,√
221685a8e03a01baaf1e,√,×,×,√,√
2220293,×,×,×,×,×
2229985,×,×,×,×,×
2232681,×,×,×,×,×
2245426,×,×,×,×,×
2280363,×,×,×,×,×
2288152,√,√,×,√,√
228998,√,×,√,√,√
22935c16da4eda92762f,×,×,×,×,×
2301119,√,√,×,√,√
2310005,×,×,×,×,×
2321077,√,√,×,√,√
2337dd6cf56f2845bfa901a6b9c430ae,×,×,×,×,×
2338529,×,√,×,×,×
2344345,√,√,×,√,√
2351057,√,√,×,√,×
2351079,√,√,×,√,√
2358089,×,×,×,×,×
23585f7f50005408fc72,×,×,×,×,×
23703b934c442a54808e245d9418545a,×,×,×,×,×
2371c78fc0a5c8935a7a,√,×,×,√,×
2379572,×,×,×,×,×
238302,√,×,×,√,√
2392540,×,×,×,×,×
2395528ca82e1a9b1b5f34391f00e19c,√,√,×,√,×
2397ca6bea914adedb30b8bad4d14686,×,×,×,×,×
2406a3034b4afb800290,×,×,×,×,×
2408388,×,×,×,×,×
2416148,√,×,×,√,√
2420407,×,√,×,×,×
242176c5bdb282b0a327,×,×,×,×,×
2423179,×,×,×,×,×
2428250,√,×,×,√,√
2433411,√,√,×,√,√
2438871,×,×,×,×,×
246474141cbe588eb9fb,√,×,×,√,√
246727,√,×,×,√,√
2471505,×,×,×,×,×
2475758,√,√,×,√,√
2477361,×,×,×,×,×
247d1f1e86fa3749429791cf457052e2,√,×,√,√,√
2511428,×,×,×,×,×
2511464,×,×,×,×,×
2522574,×,×,×,×,×
2545a281e3f17ba6ef82,×,×,×,×,×
256155,×,×,×,×,×
2571471,×,×,×,×,×
2577781,×,×,×,×,×
2581132,×,×,×,×,×
2584789,×,×,×,×,×
258a248d20334e781b56,×,×,×,×,×
2590850,×,×,×,×,×
25b92260471cfbdc8054,√,√,×,√,√
25d48938c07b73541361,×,×,×,×,×
25d98841e6a82f30ae5cac24e9039856,√,√,√,√,√
2604241,×,×,×,×,×
260617,×,×,×,×,×
261818,×,×,×,×,×
2620735,×,×,×,×,×
2620876,×,×,×,×,×
2623926,√,√,×,√,√
2628382,√,√,×,√,√
263113,√,×,×,√,√
2632394,×,×,×,×,×
2635074,×,×,×,×,×
2636213,×,×,×,×,×
2638485,√,×,×,√,√
265a43f255716c11cc62,×,×,×,×,×
265e68a5e879b5540ebc,×,√,×,×,×
2660685,×,×,×,×,×
2661065,×,×,×,×,×
268379,√,√,×,√,√
2691939,×,×,×,×,×
2692786,×,×,×,×,×
2692960,√,×,×,√,√
26a33ce1e82092b4d2dbdf18c3610fde,√,√,√,√,√
2704426,×,×,×,×,×
2705927,√,√,×,√,√
2708979,×,×,×,×,×
271862,×,×,×,×,×
2719812,√,√,×,√,√
2721811,×,×,×,×,×
2725286,√,√,×,√,√
2729506,×,×,×,×,×
273bef4c5b4490c687b2f92ee721b546,×,×,×,×,√
2757171,√,√,√,√,√
2760477,√,×,×,√,√
2760f2f12201f638d7de,√,×,×,√,√
2764305,√,√,×,√,√
2768310,×,×,×,×,×
276a2b26cab5bc22d882,×,×,×,×,×
2773137,×,×,×,×,×
27737c5f2de213216360,×,√,×,×,×
2778605,√,×,√,√,√
2779820,×,×,×,×,×
2783865,×,×,×,×,×
2786290,×,×,×,×,×
2787060,×,×,×,×,×
2788978,×,×,×,×,×
2790749,√,√,×,√,√
2792956,√,√,×,√,√
2798682,×,×,×,×,×
27a1eea9f1d01056ebb0,×,×,×,×,×
27ab7d2a30bbaf5ef431b4a02194ac60,√,√,×,√,√
27bbd6895c0afb314879,√,×,×,√,√
27dd0d768ccede849051,×,×,×,×,×
27f33798d12317575c6c,×,√,×,×,×
2816295,√,√,×,√,√
2821234,√,√,×,×,√
2821544,√,×,×,√,√
2830057,√,√,×,√,√
2836237,×,√,×,×,√
283860,√,×,×,√,√
2838603,√,×,×,√,√
2838927,×,×,×,×,×
2840020,×,×,×,×,×
284507,×,×,×,×,×
2856099,√,×,×,√,√
2859545,×,×,×,×,×
2866253,√,√,×,√,√
2866461,√,×,√,√,√
286805,×,×,×,×,×
2869341f38f5b1eeb86d,√,√,×,√,√
2870240,×,×,×,×,×
2872d7f994d192188970408980267e6e,√,×,×,√,√
287dbf64163fda470c89e8b992e112e0,×,√,×,×,×
28802627584b21ba1f6a,√,×,×,√,√
2888158,×,×,×,×,×
2888380,×,×,√,×,×
2890739,√,×,×,√,√
2894514,√,×,×,√,√
2894704,√,×,×,√,√
2899595,√,√,×,√,√
28adf35f1e4ba3145e2d,√,×,×,√,√
28bf77e9a95ae6b70b14141feacb1f84,×,×,×,×,×
28d2311cc6b28fe9bec0,×,×,×,×,×
28f95f95731a5a24e553,√,√,×,√,√
2901479,×,×,×,×,×
2902213,√,√,×,×,√
290224,√,√,×,√,√
2909661,×,√,×,×,×
2913338,√,√,×,√,√
2915436,√,√,×,√,√
2915875,×,×,×,×,×
294151,×,×,×,×,×
2942127,×,×,×,×,×
2942374,√,√,×,√,√
2949632,√,√,×,√,√
2951556,√,×,√,√,√
2957026,×,×,×,×,×
296207,×,×,×,×,×
2962884,√,√,√,√,√
2968620,×,×,×,×,×
2971450,√,√,×,√,√
2972ba872df05cb5f0c3,×,×,×,×,×
2973355,×,×,×,×,×
2974887f3fab071c11a0,√,√,×,√,√
2975718,√,√,×,√,√
2977d9f26866b05583b0c40d88a315bf,√,×,×,√,×
2986210,√,×,×,√,√
2988354,√,√,×,√,√
2993700,×,×,×,×,×
2996448,×,×,×,×,×
2998372,×,×,×,×,×
299905,×,√,×,×,×
29c51b6997c3e3bff568,√,√,×,√,√
2a1df455e7643926739e934e910cbf2e,√,√,×,√,√
2a5d283b0d279ea96c26,√,×,×,√,√
2aa18ba3b821b2f580a2,×,×,×,×,×
2aa430e00dde0cf905a9,×,×,√,×,×
2b19fd6f758ffd2e8ab9ec7d1f3f4b2c,√,×,×,√,√
2b2abbb88b5d2b4f4e5adde42975fd0f,√,×,×,√,√
2b3003f44b3ddf5931c9a5e61d8ba417,×,×,×,×,×
2b83b1c47a18448d3cbf,×,×,×,×,×
2b8e2e05cf05a630b132,×,√,×,×,×
2bcca0a7654168ef454f,×,×,×,×,×
2c0d9e1a0012065bb56c,×,×,×,×,×
2c6abf964810ed74802c,√,×,×,√,√
2c7b95beed642248487a,×,×,×,×,×
2cb9c79df7a58db9e5ec,×,×,×,×,×
2cf4998949f49b58ff284239784e1561,×,×,×,×,×
2d4a4a8be57a9b8e94c7a4903d8d8bf8,×,√,×,×,×
2d6bbffce9dda5f3057b4879c3bd4422,√,×,×,√,√
2d971a5a087881a966c3,√,√,×,√,√
2da57d5b039aab4da7ce,×,√,×,×,×
2db1522dbfc5fe58b52c,√,×,×,√,√
2de2e9a156fe619dbdad762fe1cf84e1,×,×,×,×,×
2de48835250e5fceaa1b626099abfa53,√,×,√,√,√
2e0cbef7d50e8e7ef2d2,×,×,×,×,×
2e11b48f431c53b101db6cb817b2fc7f,√,√,×,√,√
2e3b989e0343f0884388ed7ed82eb3b0,√,×,×,√,×
2e466ff4e6b3425aba3c,×,×,×,×,×
2e90566e9497725065388859762a7185,×,×,×,×,×
2ec85f1f8fe0d4f44b6f,×,×,×,×,×
2eec49ca1e4f58c5310d72918d991ef6,√,√,×,√,√
2f0a1118edb70de95f6859cfa979fad5,√,√,×,√,√
2f1b9a255993bf9b2629,√,√,×,√,√
2f8370ee83ab074f5b5e,×,×,×,×,×
2f8f55987ccc224e2342,×,×,×,×,×
2f904cb32be20d808481e04f5dd7fe0c,×,×,×,×,×
2fe1c16a7cc27ef01c1f,√,×,×,√,×
2ff89e40721d1f1a007449f02aee3990,×,×,×,×,×
3001099,√,×,×,√,√
3004168,×,×,×,×,×
3009143,×,×,×,×,×
3012089,×,×,×,×,×
3012306,×,×,×,×,×
3012318,×,×,×,×,×
3013470,√,×,×,√,√
3015625,×,×,×,×,×
3015852,√,√,×,√,√
3018527,×,×,×,×,×
3018bf3643f80798bde75c17571a38a9,√,√,√,√,√
3019988,×,×,×,×,×
3023497,×,×,×,×,×
3037448,×,×,×,×,×
3039696,√,×,×,√,√
3040846,×,×,×,×,×
3042651,√,√,×,√,√
3047772,√,√,×,√,√
304963,×,×,×,×,×
304a77371c9e207a5fa42a6b874017d5,√,×,×,√,√
305322,×,×,×,×,×
3057138,×,×,×,×,×
3077639,×,×,×,×,×
3078465,×,×,×,×,×
3078764,×,×,×,×,×
3079065,×,√,×,×,×
3081369,√,×,×,√,√
3083085,√,×,×,√,√
30839ae0280a5077b8669757e5efa75d,×,×,×,×,×
3089556,×,×,×,×,×
3094847,√,√,×,√,√
3097851,√,×,×,√,√
309bed093f6a7084c855,√,×,×,√,×
30a5138e41cba69dc81c,√,√,√,√,√
30d2e626772e84edd688ba717a766c89,×,×,×,×,×
31122eb9e4c0af8adeca,√,√,×,√,×
3113810,×,×,×,×,×
3116927,√,√,×,√,√
3128835,√,×,×,√,×
3129692,×,×,×,×,×
3130141,×,×,×,×,×
313753,×,×,×,×,×
313761,√,×,×,√,√
3141128,×,×,×,×,×
3141140,×,×,×,×,×
3144636,√,√,×,√,√
3148833,√,√,×,√,√
3151375,×,√,×,×,×
3153844,×,×,×,×,×
3158388,×,×,×,×,×
3163938,×,√,×,×,×
3166d6123bd26c066c462328bebcf0c0,×,×,×,×,×
3167162,×,×,×,×,×
3167821,×,×,×,×,×
3168336,√,×,×,√,√
317164,√,×,√,√,√
3178905,×,×,×,×,×
3181989,×,×,×,×,×
3197a2bae38f77799ea8,×,×,×,×,×
31ccafbfceac2ed88974,×,×,×,×,×
31eee50b9aaebf387b380f70054575c5,√,√,×,√,√
3205bf5aab78623c5ee5,×,×,×,×,√
320a949b092bf30913ef,×,×,×,×,×
3210264,√,×,×,√,√
3211f1660291f871739379082f204c83,×,×,×,×,×
3219308,√,×,×,√,√
3227267,√,√,×,√,√
3231186,√,√,×,√,√
324968,×,×,×,×,×
32561f20db62886bcf6af5ce98087ab9,√,×,√,√,√
326462,√,√,×,√,√
3264921,√,×,×,√,√
3271073,×,×,×,×,×
3287286,√,×,×,√,√
329142c1740500bd3797,×,×,×,×,×
3295631,√,×,×,√,√
3298867,×,×,×,×,×
3305365,√,√,×,√,√
3308963,×,×,×,×,×
3309494,×,√,×,×,×
3310561,×,×,×,×,×
33150bde6bd296310e41ea5d018fce51,√,×,√,√,×
3334a3cc57b31ae3a5c4,×,×,×,×,×
3340802,√,×,×,√,√
3341591,×,×,×,×,×
3356622,√,√,×,√,√
3359203,×,×,×,×,×
3390999,×,×,×,×,×
33cc5534cb555a0b710b,√,√,√,√,√
33e2172bafbb5dd794ab,√,×,×,√,√
3409403,×,×,×,×,×
3411495,×,×,×,×,×
3425960,×,×,×,×,×
3427750,√,×,×,√,√
342989,×,×,×,×,×
3446681,√,√,×,√,√
3451509,√,√,√,√,√
3453185b41d8d985356cbe5e57d67342,√,√,×,√,√
3454877,√,×,×,×,×
3473799,×,×,×,×,×
347596,√,√,×,√,√
3485205,×,×,×,×,√
3488502,×,×,×,×,×
3493579,×,×,×,×,×
3494203,×,×,×,×,×
349423,√,×,×,√,√
3494560,×,×,×,×,×
350281,√,√,×,√,√
35164461db4da79f7d56,×,×,×,×,×
353499f2e6e407883b32,√,√,√,√,√
3542836,×,×,×,×,×
354b90d59faf8b0d758f74eae3a511e2,×,×,×,×,×
35536ca8f1769dc6c74f,√,√,×,√,√
356294,×,√,√,×,×
3563671,×,×,×,×,×
35723b58d238a67234d8,√,×,√,√,√
3582544,×,×,×,×,×
3599025,√,×,×,√,√
35fb758c18036d7f8640,×,×,×,×,×
3624478,√,×,×,√,√
3649773,√,√,×,√,√
3668591,√,√,×,√,√
3669688,×,×,×,×,×
3676137,√,√,×,√,√
367ff95d4d3d3770fa7b,√,√,×,√,√
3682135,×,√,×,×,×
3685134,√,√,×,√,√
3688944,√,√,×,√,√
3691418,√,×,×,√,√
3692387,×,×,×,×,×
3693550,√,√,×,√,√
3695458,×,×,×,×,×
3696512,×,×,×,×,×
3699110,×,×,×,×,×
3699696,×,×,×,×,×
36c1db6ba57fc1fe72ae,√,√,×,√,√
36c31a9b653779b2b7d1,√,√,×,√,√
36e652488563ab23ea04,√,×,×,√,√
3706203,×,×,×,×,×
3714115,√,×,×,√,√
371698,×,×,×,×,×
3719535,×,×,×,×,×
3719849,×,×,×,×,×
3721106,×,×,×,×,×
3725741,×,×,×,×,×
3728656,×,×,×,×,×
3735779,×,×,×,×,×
373f0857211e860c7591,√,×,×,√,×
37463b35ef8606629d2e,√,×,×,√,√
3750225,√,×,×,√,√
3750774,×,×,×,×,×
3750993,×,×,×,×,×
375397bc942d134a3c82d0dd514f3fea,×,×,×,×,×
3760008,×,×,×,×,×
3760670,×,×,×,×,×
3772157,√,√,×,√,√
3778347,√,×,×,√,√
3778686,×,×,×,×,×
3783153,×,×,×,×,×
3791168,×,×,×,×,×
37931,√,×,×,√,√
3799831,×,×,×,×,×
379cc31c29cfb5bdc9a0,×,×,×,×,×
37d73786afab7da6037f,√,×,×,√,×
3800756,×,×,×,×,×
3802732,×,×,×,×,×
3803003,×,×,×,×,×
3803893,√,×,×,√,√
3805436,×,×,×,×,×
3806329,×,×,×,×,×
380c24afec20963617c82c43590b78f2,×,×,×,×,×
3816122,×,×,×,×,×
3822f77eb07e8e8efb2e,×,×,×,×,×
3823483,√,×,×,√,√
3829194,×,×,×,×,×
3829302,√,×,×,√,√
3832818,√,×,×,√,√
3833430,√,√,×,√,√
3834957,×,×,×,×,×
3834979,√,×,×,√,√
3838828,√,√,√,√,√
3839812,×,×,×,×,×
3844261,×,×,×,×,×
3860197,√,√,×,√,×
386098fb7348606b295a,×,×,×,×,×
3878ce0f3e232e3daf5c,×,×,×,×,×
3886519,√,√,√,√,√
3891365,×,×,×,×,×
3893296,×,×,×,×,×
3893624,×,×,×,×,×
3898894,×,×,×,×,×
38f7f1f3b07c77a9c537,×,×,×,×,×
3912465,×,×,×,×,×
3917103,×,×,×,×,×
3918044,×,×,×,×,×
3918279,×,×,×,×,×
3918300,×,√,×,×,√
391fb178d7c06e8dc7e4051d9b5395af,√,×,×,√,√
3931936,×,×,×,×,×
3938253,√,√,×,√,√
3940455,√,√,√,√,√
3943d55ca7eedf716ed6,√,√,×,√,√
3946121,×,√,√,×,×
3947385,√,√,×,√,√
3947bdc0f7b0dbcd51fa1ee53974fe66,×,×,×,×,×
3948701,√,×,×,√,√
3963225,×,×,×,×,×
39656378b59fe2eeb0f4,×,×,×,×,×
396e85fe4facca626782,√,×,√,√,√
3971007,×,×,×,×,×
3972601,√,√,×,√,√
3978039,×,×,×,×,×
3978536,√,√,×,√,√
3978565,√,×,×,√,√
398429347c96e98aba88,×,×,×,×,×
3984959,×,×,×,×,×
3989161,×,×,×,×,×
3990769,√,×,×,√,√
3993992,√,√,×,√,√
39c2f27b581720482bc0,√,√,×,√,√
39c53f824daef7d363db,√,×,×,√,√
3a094e0218bc91f0e2d4,√,×,√,√,√
3a2a081e4f3089920fd8aecefecbe280,×,×,×,×,×
3a6e4d618afc344aab81,√,×,×,√,√
3a96a407e16dae155744,×,×,×,×,×
3aa1d94bb83e5124eae6,×,×,×,×,×
3abc9577bede0aeef25526b201732246,×,×,×,×,×
3af51fd2d11ddcad7f16,×,×,×,×,×
3b1159baecb809b5fcb3a6154bc3cb0b,√,×,√,√,√
3b258f5287fcc181aacf,×,×,×,×,×
3b71a120ae7789956ef8,√,√,×,√,√
3b9d893f1e0788f8fad0e6b49cde70f1,×,√,×,×,√
3c2e5bf1e77986dfd51f,×,×,×,×,×
3c76bc174844948c5f98,√,√,×,√,√
3c98ac23d4e1c97da065ad7c4562c16c,√,×,×,√,√
3cefcc92891c4f1571f8,×,×,×,×,×
3d2454905d8f01886d651f207e2419f0,√,√,×,√,√
3d5aa90144a4696be61b3991aa339cc5,×,×,×,×,×
3d7e2b077ba5af48ab1ba96678733e6f,×,×,×,×,×
3d99498d4236248f9bfbc8ed2fd424fa,√,√,×,√,√
3d9ba175038a3f2e7de3794fa303f1ee,×,×,×,×,×
3de0abd7d18e6edc87dd,√,×,×,√,√
3e1cfdb76005c901b7d3f8b1e6ba1557,×,×,×,×,×
3e5107b11d19ac62a2ed,√,√,×,√,√
3e8b195ff63929db69ccc4e5287d8ae5,×,×,×,×,×
3f3b547ff68effb03e20c470af22c696,×,×,×,×,×
3f9c80ff42879cad41bf,√,√,×,√,√
3fb234c37b5c2c934b79,√,×,√,√,√
3fb443494f111eeb96e39cce1873070d,×,×,×,×,×
3fdd80a08808bd275142d46863e92d68,×,×,×,×,×
3fe84c05013fa87d74a8,√,×,×,√,√
3ff4278c609ce223ebb4fc300c5edd0f,×,×,×,×,×
4004895,×,×,×,×,×
4008567,×,√,×,×,×
4016539,√,√,×,√,√
4017989,√,√,×,√,×
4020619,×,×,×,×,×
4022537,×,×,×,×,×
4023068,×,×,×,×,×
403306854d457c284d02,×,√,√,×,×
4034426,×,×,×,×,×
4034427,×,×,×,×,×
4034439,×,×,×,×,×
4034526,×,×,×,×,×
4036200,×,×,×,×,×
4043086,√,√,×,√,√
4043334,×,×,×,×,×
4047394,×,×,×,×,×
4050951,×,×,×,×,×
4051357,×,×,×,×,×
4058325,×,×,×,×,×
4059061,×,×,×,×,×
4070026,×,×,×,×,×
4073599,×,×,×,×,×
4074260,×,√,×,×,×
4076735,×,×,×,×,×
4078034,×,×,×,×,×
4078780,√,×,×,√,√
407d78fbe0f234ea34c6,√,×,×,√,√
4083574,√,√,×,√,√
4088322,×,×,×,×,×
4089133,×,×,×,×,×
4091897,×,×,×,×,×
4093759,×,×,×,×,×
4093998b625d76ef4afe,×,√,×,×,×
4104455,×,×,×,×,×
4108a54877406dc231d95514e538bde9,√,√,√,√,√
4110897,×,×,×,×,×
411123,√,×,×,√,√
4115763,×,×,×,×,×
4116156,×,×,×,×,×
4118456,×,×,×,×,×
4119191,√,√,√,√,√
4121343,×,√,×,×,×
4125009,×,×,×,×,×
4128591,√,×,×,√,√
4130c73434db79119f27,×,√,√,×,×
4131398,√,√,×,√,√
4132799,×,√,×,×,×
4133c66ccf65c0ba1f5f5a5bc4fb7298,√,×,×,√,×
4134185,×,×,×,×,×
4142563,√,√,×,√,√
4145581,×,√,√,×,×
4149031,√,×,×,√,√
4156421,×,√,√,×,×
4156864,×,×,×,×,×
4166551,√,√,×,√,√
4171521,√,×,×,√,√
4173534,×,√,×,×,×
4173945,×,√,√,×,×
4174069,×,×,×,×,×
4176564,√,√,×,√,√
4176623,√,√,×,√,√
4178945,×,×,×,×,×
4180945,√,√,×,√,√
4189391,×,×,×,×,×
4190318,√,√,×,√,√
4199895,√,√,×,√,√
41d15424e7989b936c1609b53edd1390,×,×,×,×,×
41f782ce86346d46800d,√,×,×,√,√
4201551d7f8608f0b82b,√,√,√,√,√
4217925,×,×,×,×,×
4219140,×,×,×,×,×
421c427db75c8c5fa1d1,√,√,×,√,√
4221932,×,×,×,×,×
4222418,×,×,×,×,×
4225456,×,×,×,×,×
422bb33419df91b253d8728fe794f8b4,×,×,×,×,×
4230222,√,√,×,√,×
4230847,√,×,×,√,√
4232775,×,×,×,×,×
4243336,√,×,√,√,√
4243633,√,√,√,√,√
4245408,×,√,√,×,×
42472327b4be382b02eb,√,×,×,√,√
425ca642955f73452ebc097b3b46c493,√,×,×,√,×
4260425,√,×,×,√,√
4260442,√,×,×,√,√
4266068bb3a5e36c2bff,×,×,×,×,×
426829,√,√,×,√,√
426eb575fc70e5ee87ef,×,×,×,×,×
4276757,√,√,×,√,√
4282679,√,√,×,√,√
4289538,×,×,×,×,×
428e5b737306937628f2944fbfdc4ffc,×,×,×,×,×
4319265,√,×,×,√,√
4334461,√,√,×,√,√
4340606,√,√,√,√,√
4345418,√,×,×,√,√
4345582,×,×,×,×,×
4349257,×,×,×,×,×
4349575,√,×,×,√,√
434e185ce543ca1c8a99,×,×,×,×,×
4350345,×,×,×,×,×
4358668,√,×,√,√,√
4361991,×,×,×,×,×
4365237,×,×,×,×,×
4365631,√,√,×,√,√
4365814,×,×,×,×,×
436e19a22f570f1cce2f,×,×,×,×,×
43e20eda5eb5834b61bc06a4c1855b29,√,×,×,√,×
4407510,×,×,×,×,×
4413028,×,×,×,×,×
4413863,×,×,×,×,×
4420532,×,×,×,×,×
4423605,×,√,×,×,×
4426342d455de2421d89,√,×,×,√,√
4427984,√,√,×,√,√
4431155,×,×,×,×,×
443622de54589e31c1d98c6ea8eff84b,×,×,×,×,×
4451253,√,×,×,√,×
445785,×,√,×,×,×
4461572,×,×,×,×,×
4461862,√,√,×,√,√
4463278,×,×,×,×,×
4463756,√,√,×,√,√
446bcbe699d4fb54972f,×,×,×,×,×
4470212,×,×,×,×,×
4471462,√,×,×,√,√
4474608,×,×,×,×,×
44822f94af25f11a2fda5beba2593229,√,√,×,√,√
4490410,√,√,×,√,√
4494118,×,×,×,×,×
4495f2c97ae6605c32c8b8c61bd34a74,×,×,×,×,×
4497119,√,√,√,√,√
4497f8a4f675170180ab,×,×,×,×,×
44a392a01fa3e0181972,√,×,×,√,√
4504341,×,×,×,×,×
450d7da20daaba6d39d0,×,×,×,×,×
451a6685fddcf8ccdfc5,×,×,×,×,×
4522091,√,√,×,√,√
4524299,×,×,×,×,×
4524784,×,×,×,×,×
4534a3e2a1584afc314e7e040c79d60c,×,×,×,×,×
4543974,×,×,×,×,×
4546068,×,√,×,×,×
4547295,×,×,×,×,×
454964087739a449da04,×,×,×,×,×
4555097,×,×,×,×,×
4555911,×,×,×,×,×
455694506ee6595c92e4,×,√,×,×,×
4558903,×,√,×,×,×
4565147,√,√,×,√,√
4571292,×,×,×,×,×
4574656,×,√,×,×,×
4575855,√,√,×,√,√
4582282,×,×,×,×,×
4586359,×,×,×,×,×
4587049,×,×,×,×,√
4594879,√,√,×,√,√
4598017,×,×,×,×,×
4599814,√,√,×,√,√
45c1c820a8fa67d8e17e3079d6aa2a65,√,×,×,√,√
45c3d886c182a1ea26d5,√,√,×,√,×
45cb32dd5c1485e273ab81468e531f09,√,×,×,√,×
45ce9f33615a3b24c51f,×,×,×,×,×
4603234,×,×,×,×,×
4604508,×,×,×,×,×
4619865,√,√,×,√,√
4624820,×,×,×,×,×
4630017,×,√,×,×,×
4632416,×,×,×,×,×
4636851,×,×,×,×,×
4640256,×,×,×,×,×
4654376,×,×,×,×,×
4654813,√,√,√,√,√
4656144,×,×,×,×,×
465de1f5f66334c91a4c,×,×,×,×,×
4667205,√,×,×,√,√
4668212,×,×,×,×,×
4684561,√,√,×,√,√
4684752,√,×,×,√,√
46c9d4ed1ea43c3d916b,×,×,×,×,×
4700064,×,×,×,×,×
4707012,√,×,×,√,√
4707775,√,×,×,√,√
470c2ffcf1cde9b2a740f48015915e30,×,×,×,×,×
4711568,√,√,×,√,√
4712723,√,√,×,√,√
4713392,×,×,×,×,×
4716919,√,√,×,√,√
4718429,×,×,×,×,×
472309,×,×,×,×,×
4724761,×,×,×,×,×
4727690,×,×,×,×,×
4727865,√,√,×,√,√
472922,√,√,×,√,√
4730736,√,√,√,√,√
4732233,√,√,×,√,√
4732790,×,×,×,×,×
4741790,×,×,×,×,×
4742296,√,√,×,√,√
4745061,√,×,×,√,√
4760272,√,√,×,√,√
47610e6462faba8781242cdb6218d83e,√,×,×,√,√
4761479,×,×,×,×,×
4776b4b2075bf9b7e512,×,×,×,×,×
477969,√,×,×,√,×
477a9dcd198439ef2def,√,×,√,√,√
478f9ba38afb1bf5f5613bfe46eb82ce,√,√,×,√,√
4792fc97f8a4094ac90d,×,×,×,×,×
47e1d07b136c316bfb33c880ca910e8c,√,×,×,√,×
48136d7a17387e7cf6c3,×,×,×,×,×
484009,×,×,×,×,×
485977,√,√,√,√,√
486793ad61db4c1dec9d,×,×,×,×,×
4882342eba2b57376ed1,×,×,×,×,×
4893d1a05df86afbc2cf,√,×,√,√,√
48b54ea4cbc7eb014308,√,√,×,√,√
48c5c0124ba4e162b2e3,√,√,×,√,√
48d35095a414580c055b,√,×,×,√,×
48d92d4153754aea4504,√,√,×,√,√
492713,×,×,×,×,×
492858,√,√,×,√,√
493065,×,×,×,×,×
4948282,×,×,×,×,×
4950253,×,×,×,×,×
4952342,√,√,×,√,√
4959534,×,×,×,×,×
4961824,√,√,×,√,√
4964727,√,√,×,√,√
4972374,√,×,√,√,√
4973958,√,√,×,√,√
4981937,√,×,×,√,√
4988673,×,×,×,×,×
4992092,×,×,×,×,×
4995154,√,√,×,√,√
4995164,×,×,×,×,×
4996449,√,√,√,√,√
49aca627205aebaa2be1811511dbc422,×,×,×,×,×
4a07818b8a21dd5c49013b9ed496cb70,×,×,×,×,×
4a3f8b0fee43d45646cf118bda4d202a,√,√,×,√,√
4a4e7e700c34c04160b93aa03a14861c,×,×,×,×,×
4a76e42f058ef7b467d9,×,×,×,×,×
4a89bf7c52500a1d7e7b,√,×,√,×,×
4abfb80b336a8a56c0a5,√,√,√,√,√
4aed548e606f11971f5a,√,√,×,√,×
4b2897a857a5ec91d9ea965d87b795c8,×,×,×,×,×
4b3c1a78b0104e52b2a1,×,×,×,×,×
4b5afb297b4b7c835e6f,√,√,×,√,√
4b79e30fad4ae8a50e2630fcfc4c8cfd,√,√,√,√,√
4b984557676d2d6c92a6,√,×,×,√,√
4ba8ae5459ca4a287d42af549a611792,×,√,×,√,√
4bbe165b19a2b0d457c6,×,×,×,×,×
4c10830640d325e0cab978bc18c6263a,√,√,×,×,×
4c223b8e2d72b0e35bde,×,×,×,×,×
4c2d4105ea2c7e407fb5,√,√,×,√,√
4c4323f90f74f079b50d9a689fa8a448,√,×,×,√,√
4c47dc94cc6054fe1398,√,√,√,√,√
4c528bb794449160e9f9a303b7b2dc23,×,×,√,×,×
4c59bb823a2c4cc886ae51deae9b23d5,√,√,×,×,√
4c5dc5b2b267b43bb4c399ca9115c3f8,√,×,×,√,√
4ca0c68878c6d978d067da4a36bcc71d,√,√,×,√,√
4cd70e9515ab722b2bce,×,×,×,×,×
4cfe3995013225d1d119,×,×,×,×,×
4d0f862d981d9bfc6b4f,√,√,√,√,√
4d3a1d7c49de414942b87d7f6ab1461c,×,×,×,×,×
4d7afed1dadb457bba977bd3757c1e29,√,×,×,√,√
4d834d429763e953a40c,√,×,×,√,√
4d859423b9dae1cf7471,√,×,√,√,√
4dc4e988baae35aa2ae810281b5297fa,×,×,×,×,×
4deac45790fa339b537a,√,×,×,√,√
4e24eb196dc377278fc51e517d81df63,×,×,×,×,×
4e5035242b8e4b07ff3a,√,√,√,√,√
4e958d673c51f1fe6f8f,√,√,×,√,√
4e97eb41e2b9a80cd5de,×,×,×,×,×
4eb4497f57e9f6fb78d14aef27fcc750,×,×,×,×,×
4ed43412878723491240814a0d5a6ed6,√,√,×,√,×
4ee0a712454480df5ee3,×,×,×,×,×
4efe2e28ffcba38aa242,√,√,×,×,√
4f0c1d94f5f164d67f40a4f1c8b0dc15,×,×,×,×,×
4f3a3b3c1828e6d781b624f378890cb0,√,×,×,√,√
4f4934893388f971c6c5,√,×,×,√,√
5001170,×,×,×,×,×
5002929,√,√,×,√,√
5008118,√,√,√,√,√
5015483,×,×,×,×,×
5017218,√,√,√,√,√
5022297,×,√,×,×,×
5028413,√,√,×,√,√
5029885,×,×,×,×,×
503106,×,×,×,×,×
5036719,×,×,×,×,×
5036f784eec2036252e1990da21eda18,×,√,×,×,√
504232,√,×,×,√,√
5043521,×,×,×,×,×
504768e05fda49a6e3338e798ae1cddd,×,√,×,×,×
5048588,√,×,√,√,√
5051911,√,×,×,√,√
5053686,×,×,×,×,×
5055971,√,√,×,√,√
5057356,×,√,√,×,×
5059989,×,×,×,×,×
5065738,√,×,×,√,√
5071300,√,×,×,√,√
5073235,×,×,×,×,×
5078476,√,×,×,×,√
5079405,√,×,×,√,√
507bcbf3e8cfdc5d3549,×,×,×,×,×
5088386,√,√,×,√,√
5090763,×,×,×,×,×
5091345,√,√,×,√,√
5091825,×,×,×,×,×
5097274,×,×,×,×,√
5099161,√,√,√,√,√
50abbd0ad3c16c5dee55,×,×,×,×,×
50ffa966dbb6a1296320705890fcb5cf,×,×,×,×,×
5104071,√,×,×,√,√
5106221,√,×,×,√,√
5108298,√,√,√,√,√
5108504,√,×,×,√,√
511440,√,√,×,√,√
5116241,×,×,×,×,×
5145500,×,×,×,×,×
5149802,√,√,√,√,√
5167728,×,×,×,×,×
51686,√,×,×,√,√
5170087,×,×,×,×,×
5173293,×,×,×,×,×
5177683,√,√,×,√,√
5181631,×,×,×,×,×
5182378,×,×,√,×,×
5182379,√,×,√,√,√
5189575,√,√,×,√,√
518b0c9564e500b4b50f,√,√,×,×,×
51934724e0896184a2340217b383af73,√,×,√,√,√
51edd66425998e5fca37,×,×,×,×,×
5201689,√,×,×,√,√
5208296,×,×,×,×,×
5209228,×,×,×,×,×
520a2c13f358b3689d00a3c88b34e0c6,√,√,×,√,√
5213fabf2bcb943efc82f00959b91163,×,×,×,×,×
5215968,√,×,×,×,√
5225027,×,×,×,×,×
5232301,×,√,×,×,×
5237007,×,×,×,×,×
5237011,√,×,×,√,√
5237529,×,×,×,×,×
5241369,×,×,×,×,×
5263533,√,×,√,√,√
5263bc6284c4dbe79951,√,√,×,×,×
5264046,√,√,√,√,√
5267494,×,√,×,×,×
5269514,√,√,×,√,√
5284646,√,×,×,√,√
5287589,√,×,×,√,√
5289693,×,×,×,×,×
528d816d035f2deaaca1,√,√,×,√,×
5292f95000e409e239b9dc973295327a,×,×,×,×,×
5297676,×,√,√,×,×
5297697,×,√,√,×,×
529816,√,√,×,√,√
52bba57f724e38229da9d85fbc85b673,√,√,×,√,√
52ec27e3010a3fd852e1d0d6e2ab5180,×,√,×,×,×
5301ff823bef4b5eae52,×,×,×,×,×
5303446,√,√,√,√,√
5305869,×,×,×,×,×
5305895,×,×,×,×,×
5307284,√,√,×,√,√
530c20924768ce180923,×,×,×,×,×
5310037,×,×,×,×,×
5316196,×,×,×,×,×
5326230,×,×,×,×,×
5326379,√,√,√,√,√
5328738,×,×,×,×,×
5329310,√,√,×,√,√
5330231,×,×,×,×,×
5330566,×,×,×,×,×
5338905,×,×,×,×,×
5344084,√,√,×,√,√
5352608,√,×,×,√,√
5355925,√,√,×,√,√
5356796,×,×,×,×,×
5358040,√,√,×,√,√
535acf4c62ee2a71da498281c2dfc4f4,×,√,×,×,×
5372873,×,×,×,×,×
5377033,×,×,×,×,×
5378938,√,√,×,√,√
5380169,×,√,√,×,×
5382778,×,×,×,×,×
5383149,√,√,×,√,√
539928493c4e74b3ec112f4cf4a6df91,×,×,×,×,×
539a9ec008b1e5b3b7fd,×,×,×,×,×
53aad9bb83b233b523270c30d36e4c81,√,√,×,×,√
5400853,×,√,√,×,×
5403877,×,×,×,×,×
5406587,×,×,×,×,×
540687,×,√,√,×,×
5409581,×,×,×,×,×
540f615dd9d54de47dc52b0ca60522c1,×,×,×,×,×
5415296,√,√,×,√,√
5415869,×,×,×,×,×
5420020,√,√,×,√,√
5420652,×,√,×,×,×
542786,√,√,×,√,√
5437131,√,×,×,√,√
5437436,√,√,×,√,√
5441636,×,×,×,×,×
5441be08c6d80ca55040678bcd79c3c5,√,√,×,√,√
5443399,×,×,×,×,×
5445149,√,×,×,√,×
5455375,√,√,×,√,√
5455d2c57fb33c1ae04706f2dc4fee01,√,×,×,√,√
5459536,√,√,×,√,√
5463830,√,×,×,√,√
5463a2fbac8facf55d74,√,×,√,√,√
5466822,√,√,×,√,√
5472885,×,×,×,×,×
5473058,×,×,×,×,×
5476453,√,×,×,√,√
5478382,×,×,×,×,×
5478642,√,√,×,√,√
5480533,×,√,×,×,×
5487749,×,×,×,×,×
5488053,√,×,×,√,√
54e6f7d63df3866a87a15aed17b51eaf,√,×,×,√,√
5502087,×,×,×,×,×
550fe172cd277bb2f057574f2e75aff4,√,√,×,√,√
5515619,×,×,×,×,×
5519057,√,×,×,√,√
5520379,√,√,×,√,√
5521548,×,×,×,×,×
5521734,√,√,×,√,√
5527142,×,×,×,×,×
5534008,√,√,×,√,√
5536498,×,×,×,×,×
5540702,√,√,×,√,√
5544335,×,√,×,×,√
5544803,√,√,×,√,×
5553364,×,×,×,×,×
5560796,√,√,√,√,√
5562029,√,×,×,√,√
5574345,√,√,×,√,√
5580829,√,√,×,√,√
5587680,√,×,×,√,√
5596077,×,×,×,×,×
5598271,×,×,×,×,×
559e56401dee3eccfa23,√,√,×,√,√
55b804cf62b8ee0fa23efdb3ea5a4701,×,×,×,×,×
5603909,×,×,×,×,×
5604018,×,×,×,×,×
5606474,√,√,√,√,√
5608566,×,×,×,×,×
5610068,√,√,√,√,√
5612981,×,√,×,×,×
5614326,×,×,×,×,×
56180516c91e8b934168ea29c52ee242,√,√,×,√,√
561bf3bf6c1477d99e7b,×,×,×,×,×
561d5eec7fed9ebf48751d124a77b087,×,√,×,×,×
5623772,√,√,×,√,√
562f25bbcf20691217b8,√,√,×,√,√
5633266,×,√,×,×,×
5642247,√,×,×,√,√
5649074,√,×,×,√,√
5650237,×,×,×,×,×
5658529,√,×,×,√,√
5660363,×,√,×,×,×
5660624,×,×,×,×,×
5663cc76aa329b2ddfb5,×,×,×,×,×
5665472,×,×,×,×,×
5669126,×,×,×,×,×
566ebde618ec18f2bea6,×,×,×,×,×
5675359,×,×,×,×,×
5679049,×,×,×,×,×
5680477,√,√,×,√,√
5682306,√,√,√,√,√
5684769,√,√,×,√,√
5690111,√,×,×,√,√
5690132,×,×,×,×,×
5690971,√,√,×,√,√
5691375,√,×,×,√,√
5693955,√,×,×,√,√
5696520,×,×,×,×,×
5702d57eb4cb6ef6e7e8,×,√,×,×,×
5703516,×,×,×,×,×
5710254,√,√,×,√,√
571027,√,√,×,√,√
5712436,√,√,×,√,√
5716253,√,√,×,√,√
5717321,√,√,×,√,×
5719077,×,×,×,×,×
5719341,×,×,×,×,×
5720029,×,×,×,×,×
5722085,√,×,√,√,√
5722696,√,×,√,√,√
5735359,√,×,×,√,√
57417446d9c2e986692b3c60069ebc45,×,√,×,×,×
5748e199a3bec164a867c9b654e5ffe5,×,×,×,×,×
574fc95caee4c22f21ed,×,×,×,×,×
5752919,√,√,×,√,√
5753650,×,×,×,×,×
5761c3be67a0c7d78ec8,√,×,×,√,×
5763651,×,×,×,×,×
5773979,√,√,√,√,√
5778557,×,×,×,×,×
5780124,×,×,×,×,×
5780127,√,√,×,√,√
5781308,√,×,×,√,√
5782780,×,√,×,×,×
5787626,×,×,×,×,×
57901e91e5c5a8bac3eb0cbbdd3aba81,√,×,×,√,√
5793291,√,×,×,√,√
5794494,×,×,×,×,×
5796677,√,×,×,√,√
5803651,√,√,×,√,√
5803923,×,×,×,×,×
5805662,×,×,×,×,×
5807648,√,√,√,√,√
5807738,×,×,×,×,×
5807746,×,×,×,×,×
5808d73731b50f8abbdcb3c3c5c1e6fa,√,√,×,√,√
5809279,×,√,√,×,×
5819145,×,×,×,×,×
5823693,√,×,√,√,√
5823716a1da5f0273504,×,×,×,×,×
5846464,×,×,×,×,×
5849024,×,×,×,×,×
5849790,√,√,×,×,√
5855372,√,×,×,×,×
5856269,×,×,×,×,×
5858518,×,×,×,×,×
5859643,√,×,×,√,√
5860168615a35b5b5ef69710d61f02d4,×,×,×,×,×
586056,√,√,×,√,√
5860853,√,√,×,×,√
5862530,√,×,×,√,√
5866756,×,×,×,×,√
58673e7bda3767bf82b1,×,×,×,×,×
586892,×,×,×,×,×
587011a65d05f067a29ce9c22894d1d2,√,√,×,√,√
5872584,×,×,×,×,×
5875326,×,×,×,×,×
5875346,√,×,×,√,√
5881137,√,×,×,√,×
5882365,√,×,×,√,√
5882966,×,√,×,×,×
5886984,×,×,×,×,×
5888967,√,×,×,√,√
5889795,×,×,×,×,×
5894681,√,×,×,√,√
5898352,√,√,×,√,×
58e015dd9ff33049da5a,×,×,×,×,×
5900563,√,×,√,√,√
5907109,×,×,×,×,×
5911624,×,×,×,×,×
592040,×,×,×,×,×
5924965,√,√,√,√,√
593c950ba1a3b9dd08d5,×,√,×,×,√
594015,√,√,×,×,√
5951030,√,×,×,√,√
5953776,√,×,×,√,√
5969656,×,×,×,×,×
5973156,√,√,×,√,√
5981683,×,√,×,×,×
5984815,√,×,×,√,√
5996074,√,√,×,√,√
5998853,√,√,×,√,√
59cf3e5b6d96bf67bca34530e522be08,√,√,×,√,√
59f9d4f5fd8196c849a892a56ba90baf,×,×,×,×,×
5a073b72c94de357d453,×,×,×,×,×
5a1aaa2effe3825368db4c1925924bba,×,×,×,×,×
5a4c39e4c02502a8451d,√,×,×,√,√
5a51bc0ded46b230c5322a234cf8eabf,√,×,×,√,√
5a534f9deb80775f0f497a4133a79d7b,√,√,×,√,×
5a5c3a6ad327f303cb915198aec8a90d,×,×,×,×,×
5a9f5f02c53b3fa648c5704e34b1db8a,×,×,×,×,×
5aec669ea8a8c920c0960fa05895687f,×,×,×,×,×
5af7cd0e934f5465b695,√,×,×,√,√
5b17c9f37f351780744aefc74f93d3ae,×,×,×,×,×
5b4c5ffdcdb5a13e0267,×,×,×,×,×
5b581d774fc8500325f7,×,×,×,×,×
5b62847bf934785119ffb16be636e073,×,×,×,×,×
5b769cd2a86bb1270188ffa423941d5f,×,×,×,×,×
5b9bd428079959558ba8,×,×,×,×,×
5baaf1d206cf5e81436d,×,√,×,×,×
5bcffaac23236a78ea14,×,×,×,×,×
5bfad28ceb3a484dfd2a,√,√,×,√,×
5c422d709c93615341a21009f800222e,×,×,×,×,×
5c4fd516ad174c7f443fcad9090a2d1f,×,×,×,×,×
5c973ec1b5ab2e387646,×,×,×,×,×
5ce8bb1f4c55d17b5b25,√,√,×,√,√
5cf3163e0d77275870bf,×,×,×,×,×
5d7c8763d1345eedee4408e2392bc5e0,√,×,×,√,×
5dcd725d464858e9082f,√,√,×,√,√
5df669df7b29806ca541,×,×,×,×,×
5e96a65ee11698a26403,×,×,×,×,×
5e9a7c0d46cfdfe00104,×,×,×,×,×
5eaed8a5c299e5282d066a1fbc03152c,√,√,×,√,√
5eba991c39426ca42cbb,×,×,×,×,×
5eda4214788429e9d09c060cca10971f,×,√,×,×,×
5f1baad30024a898e9f2115ac9b0c631,×,×,×,×,×
5f256b69a07a43f978b4,√,×,×,√,√
5f2fd870eb8a2325c0842dbd787574c3,×,×,×,×,×
5f54de51270d4c2d2747,√,√,×,√,√
5f59050155c3159c2185,×,×,×,×,×
5f9f2c05c5e3dc6b31d8,×,×,×,×,×
6000407,√,√,×,√,√
6003874,×,×,×,×,×
6005981,×,×,×,×,×
600fa8852b4741fb2bb1,×,×,×,×,×
6019350,√,×,×,√,√
6021768,×,×,×,×,×
6027183,√,√,×,√,√
6027504,√,×,√,√,√
6033364,√,√,×,√,√
6038174,√,√,×,√,√
603819,×,×,×,×,×
6038468,×,×,×,×,×
6040840,×,×,×,×,×
6044677,√,×,×,√,√
6049584,√,√,√,√,√
6055795,×,×,×,×,×
6065887,√,√,×,√,×
6069808,√,×,√,√,√
6074452,×,×,×,×,×
6078248,×,×,×,×,×
6085344,×,√,×,×,×
608595,√,√,×,√,√
6087798,×,×,×,×,×
6092292,×,×,×,×,×
6094449,×,×,×,×,×
6094977,√,√,√,√,√
6095815,×,√,×,×,×
6095e3cce3877881393a19659430ddf0,√,×,×,√,√
6097195,×,×,×,×,×
6099960,×,×,×,×,×
60bacd65c89e5290f452,×,×,×,×,×
60e006b7642707c2e898,×,×,×,×,×
6102062,×,×,×,×,×
6103019,×,×,×,×,×
6105220,×,×,×,×,×
6113246,×,×,×,×,×
6118172,×,×,×,×,×
6145546,×,×,√,×,×
6146161,√,×,×,√,√
6146611,×,×,×,×,×
614fc39a78d028c9dce9,×,×,×,×,×
614fea74e9c67df0aae0,×,×,×,×,×
6152106,×,×,×,×,×
6156601,√,√,×,√,√
6162321,√,×,√,√,√
6165747,×,×,×,×,×
6168003,√,√,×,√,√
6175388,×,×,×,×,×
6179550,√,×,√,√,√
6194556,√,×,×,√,√
619473,×,×,×,×,×
6194738,×,×,×,×,×
61a82e7c920468325ea8,×,√,×,×,×
61dc4abed6186117f2a70b058a2b8d14,√,√,×,√,√
61f9226f7ea498abce36187ddaf51ed5,×,√,×,×,√
6201049,×,×,×,×,×
6202539,×,×,×,×,×
6206626,×,×,×,×,×
6229929,√,√,√,√,√
6230787,√,√,×,√,×
6258303,√,√,×,√,√
6260dd97a3e39eba9cd6,×,×,×,×,×
626356,×,×,×,×,×
6280390,√,√,×,√,√
629508,√,√,×,√,√
62d629216e19906c53d3,×,√,√,×,×
6309113,√,√,×,√,√
630df68eb42d881755a3e30343252f74,×,×,×,×,×
631953,√,√,×,√,√
6323931,×,×,×,×,×
6325830,√,√,×,√,√
6327611,×,×,×,×,×
632e39a9b4dda391fe54,×,×,×,×,×
6333547,√,×,×,√,√
6334787,×,×,×,×,×
6337361,√,√,×,√,√
6366854,√,×,√,×,√
6374514,×,×,×,×,×
638aca3fc4314290af59110d0602f86e,√,×,×,√,√
639576c25693ca4890457efa5f67d103,√,√,×,√,√
63e115cc0c79b4f6b8b3a6b797e485c7,√,×,×,√,√
6404683,×,√,×,×,×
6408165,×,×,×,×,×
6414599,×,√,√,×,×
641dc6b15155e600135d,×,√,×,×,×
642535b8baeaedb02a56,×,×,×,×,×
6426282,√,×,×,√,×
643f812a275a9e0c75048aab6988a92c,√,√,×,√,√
6446136,√,×,×,√,√
6453947,×,×,×,×,×
6454814,×,×,×,×,×
6462976,×,×,×,×,×
6463966,×,×,×,×,×
6467595,×,×,×,×,×
6471e364501e7c62a0c41d92fa6090bc,√,×,×,√,√
6472432,√,√,√,√,√
64821d31816bce595a4bbd98588b37f5,√,√,×,√,×
6483510,×,×,×,×,×
6499135,√,√,×,√,√
64cf037c55c0d42196762c0ccacc7380,×,×,×,×,×
6504557,×,×,×,×,×
6507189,√,√,×,√,√
6507cb95562f1db6df84,×,×,×,×,×
6509307,√,√,×,√,√
651080,√,√,×,√,√
651afb13d45e4c587f63,×,×,×,×,×
6530635,√,√,×,√,√
6532185,×,×,×,×,×
6532334,×,√,×,×,×
6536381,√,√,×,√,√
654157,×,×,×,×,×
6551668,√,√,√,√,×
65538,√,×,√,√,√
6553a21faade20f72e9f,×,×,×,×,×
6557760,√,×,×,√,√
6562886,×,×,×,×,×
6572592,×,×,×,×,×
6576933,√,×,×,√,√
6581415,×,×,×,×,×
659867,√,×,×,√,√
65fbce1860ef204ee908,×,×,×,×,×
660303,√,√,×,×,×
6604662,×,×,×,×,×
6606487,√,×,×,√,√
660a9d578b5f0225e5f0,×,×,×,×,×
6622819,×,×,×,×,×
6622928,×,×,×,×,×
6623972,×,×,×,×,×
6625609,×,×,×,×,×
6627336,√,√,×,√,√
6637377,×,×,×,×,×
6649639,√,×,√,√,√
667150e96fdc2d53fd11,√,√,×,√,√
6673250,√,√,×,√,×
667919,×,×,×,×,×
6679768,×,×,×,×,×
667c5554e5d9d9a25ae6,√,√,×,√,√
667e61d2f101f2f04542,√,√,×,√,√
6680676,×,×,×,×,×
668791,×,×,×,×,×
6691093,×,×,×,×,×
6695625,×,×,×,×,×
66ed98cf3fc2b161df47c0c08954dc62,×,×,×,×,×
66f1569ebb0d878748fe,√,×,×,√,√
67044,×,×,×,×,×
6714b632c92d8967fd3c,×,×,×,×,×
6718314,×,×,×,×,×
6719172,×,×,×,×,×
672229,×,×,×,×,×
6754465,√,√,×,√,√
6759305,×,×,×,×,×
6770178,×,×,×,×,×
6771295,√,×,×,√,√
6776391,√,×,×,√,√
6799568,√,√,×,√,√
67bdd4bd8c26e2178579,√,×,×,√,√
67c14af0d5afaae5b18c,√,×,×,√,√
67c7a6d77a6da0a56329,√,×,×,√,√
67effa81dd1cd5a488b4,√,×,×,×,√
6808772,×,×,×,×,×
6815711,×,×,×,×,×
6838974,×,×,×,×,×
6843565,×,×,×,×,×
6856389,×,×,×,√,×
6869344,√,×,×,√,√
6874944,×,×,×,×,×
6874ff814ab7f2530b2a,×,×,×,×,×
6893b83409ae4575e2bd,√,×,√,√,√
689f4a38bc6cb9a7adc0,×,×,×,×,×
6901429,√,×,×,√,√
691e97ce22f7cd43d6a9d54305344587,√,×,×,√,√
6947661,√,×,×,√,√
6957826,×,×,×,×,×
6958459,√,×,×,√,√
6987693,√,×,×,√,√
6993747,×,×,×,×,×
69aae99be6f6acfadf2073817c2f61b0,√,×,×,×,√
69aec1259131b5619fb7,√,×,×,√,√
69b8e351dac87f4c3f5b440632727fdb,√,×,×,√,√
69da10ec6f22c6d7b92deefdb4a4f475,×,×,×,×,×
69dfe7943b076f0d79db,×,×,×,×,×
69f4acd1fc094c66ba73,×,×,×,×,×
6a01cbe55657121a1f3d,√,×,×,√,√
6a9e5ef2921c0214eeeb,√,×,√,√,√
6aa898d22e74aa9dafc3,√,×,×,√,√
6af3dd8894ec4255a63f,√,×,×,√,√
6af6a8478561aa8a0121,√,×,√,√,√
6b2273d7e332f29193d0,×,×,√,√,×
6b2944d74ec9dd229938,×,×,×,×,×
6b93a8028f4dc40cab49,×,×,×,×,×
6b9bae1310f2ee6b47ba3663bdcb1ded,×,×,×,×,×
6bb9ddb5d904b7275c62,√,×,√,√,√
6c168b0c36ca3b23cacc,×,×,×,×,×
6c78e65f4b78adfa3766,√,×,×,√,√
6ca93b8309f05055c6a3,√,×,×,√,√
6cd16631253eed21f37f,×,×,×,×,×
6d459a8c2ae945808d69,√,×,×,√,√
6d6bb834d48b9664b38d,√,×,×,√,√
6d7c78ea329d4e9e1217,√,×,×,√,√
6d94b7d06f7ed9d8bfc4985b094bf6d4,√,×,×,√,√
6da9a7c1e03912fde62e,×,×,√,×,×
6e1016cc188104d123676ccef3264981,×,×,×,×,×
6e20dba959277bd9af77,×,×,×,×,×
6e41e8512c17eae5da50aebef3378a4c,√,×,×,√,×
6e56d947ceaacdebb7fd3a88ed89cb6c,×,×,×,×,×
6f490f3a0e082ae6592a630bd7abe588,×,×,×,×,×
6ffa8fb7756c16798b2a,×,×,×,×,×
7002279,×,×,×,×,×
7002396,√,×,×,√,√
7003083,√,×,×,√,√
700554,√,×,×,√,√
701416,×,×,×,×,×
7015554,√,×,×,√,√
701904,√,×,√,√,√
7019296a9a9ad74e44f0,×,×,×,×,×
7020937,×,×,×,×,×
7025496,√,√,×,√,√
7026954,×,×,×,×,×
702a848ba0a7a64b139985f5cad885f0,√,×,×,√,√
702d05be879fa5a23d2b,√,×,×,√,×
7030355,√,√,×,√,√
704add465613d5ca0d53,√,×,×,√,√
706573,×,×,×,×,×
7065820,√,√,×,√,√
7079332cab038da1394d,√,√,√,√,√
7088662,√,√,×,√,√
7091940,√,√,√,√,×
709384,√,×,√,×,√
709890,√,√,×,√,×
70df4922fec74ea87405b83840b45d57,√,×,×,√,√
70e5fefe128214b7d2a1,√,√,√,√,√
70ed63ee8992c401a9dd,×,×,×,×,×
7103585,√,√,×,√,√
710480,×,×,×,×,×
71152286b0a8826249fe,√,×,×,√,√
712c270355b6c2642600,×,√,√,×,×
7131838,√,√,×,√,√
7131909,√,√,×,√,√
715284,×,×,×,×,×
7157510,×,×,×,×,×
716261,×,×,×,×,×
7183354,×,×,×,×,×
7191601fd58bb37a9efd,√,√,×,√,√
719502,×,√,×,×,√
719fc5e3a21dd2779d9fe69bf41e6ba6,√,×,×,√,√
71b14c4beab12998b6d1,√,√,√,√,√
71eda2aab0ee32d19b01,√,√,×,√,√
7226559,×,×,×,×,×
7228939,×,×,×,×,×
7230348,√,√,√,√,√
7234995,×,√,×,×,×
7236266,×,×,×,×,×
723736,×,×,×,×,×
723a39071659bb763cff,×,×,×,×,×
7247d72f97e6bfbf97809da5922f0e14,×,√,√,×,×
7270594,√,×,√,√,√
7275456,×,×,×,×,×
7282002,√,√,×,√,√
7282822,√,×,×,√,×
7285154,√,×,×,√,√
72b2f24b6d2ff6ffde1597f1ca2dea3f,√,×,×,√,√
72c7938230537b4f8a4c,√,×,×,√,√
72e709ba8a3a7c6affa1,√,×,×,√,√
72e72417af260ac17bb0d878e9ea1f52,√,×,×,√,√
7301722,√,×,×,√,√
7304099,√,√,×,√,√
730765,√,√,×,√,√
7310160,×,×,×,×,×
732873,√,√,×,√,√
7344542,√,√,×,√,√
735379e9c853171713ca,√,×,×,√,√
735556,√,×,√,√,√
7365980,×,×,×,×,×
736778,√,√,√,√,√
738156,√,×,×,√,√
738fa2eedd9666b78404ed1751336f56,×,×,×,×,×
7398239,√,×,×,√,√
73a523f0cdbc978c148d1cd9e9d5f0be,×,×,×,×,×
73c9565719d124af64ff,×,×,×,×,×
73efaccda6025883fc66,√,×,√,√,√
742160,√,√,×,√,√
7428185,×,×,×,×,×
7434f7431d1cc0350dbe,√,×,×,√,√
7443646,√,×,×,√,√
744413,√,√,√,√,√
744700,×,×,×,×,×
7447067,√,√,×,√,√
745868fb26102298e837,√,√,√,√,√
7466823,×,×,×,×,×
748cda36befe17fd1cb0,√,√,×,√,×
7495576,×,×,×,×,×
749788,×,×,×,×,×
749857,√,×,√,√,√
74e556cd8a7814a5270079f94950957f,×,×,×,×,×
7521277,√,×,√,√,√
7524815,√,√,√,√,√
7535869,√,√,√,√,√
7540117,×,×,×,×,×
754329,×,√,×,×,×
7543724,√,√,×,√,√
75483d51641a0c03bf7c,√,√,×,√,√
7551089,×,×,×,×,×
755524,×,×,×,×,×
756b1d8df2d1487497d29b90e81f8068,√,×,√,√,√
756c86fdad219867c0f4,√,×,√,√,√
7571752,×,×,×,×,×
757191,√,√,√,√,√
7578539,√,×,×,√,√
7622246,×,×,×,×,×
7634c596fe7669a54321,√,√,√,√,√
7639387,×,×,×,×,×
764262,×,×,×,×,×
764746,×,×,×,×,×
7652081,×,×,×,×,×
7653403,√,×,√,√,√
7669374,×,×,×,×,×
7671688,×,×,×,×,×
7680498,×,×,×,×,√
7681066,√,√,×,√,√
76877c8f262de24becc081ad96759730,√,×,√,√,√
7689218,√,×,√,√,√
7692685,√,√,√,√,√
769687,√,×,×,√,√
7698491,×,×,×,×,×
76fa64ee8380763871ab,×,×,×,×,×
7703144,√,√,×,√,√
7704036,√,√,×,√,√
7704845,×,×,×,×,×
771052,√,√,×,√,√
771426542eb36afeb56ce8b163560a4c,×,×,×,×,×
7716005,√,×,×,√,√
7719245,×,×,×,×,×
7719991351343a92aa7b654d2b36c8db,×,√,×,×,×
771dabe22b34d59728bddcf87b26cf54,√,×,×,√,√
7720207,×,√,×,×,×
7752095,×,×,×,×,×
777789,×,×,×,×,×
778260a1f0553575be99,×,×,×,×,×
7785749,×,×,×,×,×
7793e2058c5c9dacb5212c0ac0b18a8a,×,×,×,×,×
77a1a4d5506258f3dc1f,√,×,×,√,√
77a4640bb5fcd1e7f038,×,×,×,×,×
77d02d8f2f09e27de08b,×,×,×,×,×
780003,×,×,×,×,×
780263,√,√,×,√,√
780379,×,×,×,×,×
7804540,√,×,√,×,√
7805193,√,×,×,√,√
7808564,√,×,×,√,√
7812916,×,×,×,×,×
781411170d36adb3197cba86b8653136,×,×,×,×,×
7814472,×,√,×,×,×
781740,√,√,×,√,√
7820246,×,×,×,×,×
783810,×,×,×,×,×
783993,√,√,×,√,√
7854404,√,√,×,√,√
7870550,×,×,×,×,×
7872ef0d472a1a2c037736af21b30cfe,×,×,×,×,×
7880c101557297beeccda05978aeb278,×,×,√,×,×
78e41a5065136e41bccbffdaab108492,×,×,×,×,×
790687,√,×,×,√,√
790721,√,√,×,√,√
7923781,×,×,×,×,×
792634,√,√,×,√,√
793f7ddfc2393ffd0418,×,×,×,×,×
79405fa0f930e41544b584c4d7864611,×,×,×,×,×
794424,×,√,×,×,×
7946246,×,×,×,×,×
7946961,√,√,√,√,√
7948151,×,×,×,×,×
795180,×,×,×,×,×
7955963,×,×,×,×,×
7956216,×,×,×,×,×
795cc1fd6d0c9069b20204cbd133e36b,×,√,×,×,×
7964172,√,√,×,√,√
7977492,×,×,×,×,×
7977513,×,×,×,×,×
79b418a25b374804701069f31b39606c,√,√,×,√,×
79d38da49cb4f4a511d74d780e53743a,√,√,×,√,√
79f9bfb5a7e767b4b756ff1c7dc04eaa,√,√,×,√,√
7a3fc9739b7778f6673a458605e18963,√,√,×,√,√
7a41da7aabb8455d0898db362335e139,√,√,√,√,√
7a56a1253355c0f4442d,√,×,√,√,√
7a9e046470dcf05420d4cdc2b2defd79,√,√,√,√,×
7ad3a91b1b49fe2682d7,×,×,×,×,×
7adc87d2c4fde941cea6,×,×,×,×,×
7ade9bbe4cb46e3cc1b8,×,×,×,×,×
7aea60f80f6aa9b79cc9509b633557c9,√,×,×,√,√
7b2161871953f0c12615,√,√,×,√,√
7b4a8e2f1fbfd70b4aaea5d205cb35eb,×,×,×,×,×
7b64238424175742a8a1,√,√,√,√,√
7b75093ec0d5ecc8d95e,√,×,×,√,√
7b96bba85ed81aba864a,×,×,×,×,×
7bd4e4bd0a00ac9076986148afc06507,×,×,×,×,×
7c18bf7ac5fd4d26cbce,×,×,×,×,×
7c24802dd9c5e15870b4b56e22135c96,√,√,×,×,×
7c2ec1cd01ada79b45fc9a6323934181,×,√,×,×,×
7c3070bc1c2766633b8ff1d4d51089cf,×,×,×,×,×
7c395aa3634b2f2a0cb4,×,×,×,×,×
7c3d01ad13b0e7e5985a,√,×,×,√,√
7c87c10921f0ed0c4f7641b4e14f2071,×,×,×,×,×
7ccd43b1f2f79f1bb23c70920f75cec4,×,×,×,×,×
7cd166e311992a828675,√,√,×,√,√
7ceb3e7ef239e282a9d2,×,×,×,×,×
7dc87b8d1dc16b025e7019113cc2de93,√,×,×,√,√
7e173302952b210aeaf3,√,√,×,√,√
7e3d537b94c30c782d1b50b712ea79a6,×,×,×,×,×
7e9499ba7e436535fd94,√,√,×,√,√
7eb39b44eb9e16e59632d25fb3119975,×,×,×,×,×
7ec5bf797308279dc587,√,√,×,√,√
7eca8b9f0ff5b3bfb742,√,×,×,√,√
7ef2ef722e4520fba09c9f4d83ecc453,√,×,×,√,√
7f1737a750d8246d325e,√,√,√,√,×
7f3ab982eb65900c5159,×,×,×,×,×
7f46e790c9e342d75dcbd9b1deb9d940,×,×,×,×,×
7f4e44a42b8e1f457f77,√,×,×,√,√
7f73238f55b7158b6852,√,√,×,√,√
7f79c85c8883268660bd,×,×,×,×,×
7f9422fc8372b7c4b1a2,√,√,√,√,√
7fd265e5419efe71477ca560801d0130,×,×,×,×,×
7fd4c975883074a99864,×,×,×,×,×
801265,×,×,×,×,×
8020379,√,×,×,√,√
8035611,√,√,√,√,√
8036995,√,√,×,√,√
8054226,√,×,√,√,√
805439,×,×,×,×,×
8067e173121625e79498,×,×,×,×,×
8069261,√,×,×,√,√
8074321,×,×,×,×,×
8086892,×,×,×,×,×
809420,×,√,×,×,√
8096192,×,×,×,×,×
809693,×,×,×,×,×
809867d7110acbde87af,×,×,×,×,×
809993,×,×,×,×,×
80b4b93baa5b33ed25e1823d3494f0a8,√,×,×,√,√
8112114,×,×,×,×,×
81299cd171a60a071343,√,√,√,√,√
813813,×,×,×,×,×
814599,√,√,×,√,√
8149412,×,√,×,×,×
816134462577399ee8b2,√,√,√,√,√
81635e6cbc933b7e8862,×,×,×,×,×
816927d8d8d2d7d8afb0,√,×,×,√,√
8169809,×,×,×,×,×
8171599,×,√,×,×,√
8172807,×,×,×,×,×
8179471,√,×,×,√,√
817977,×,×,×,×,×
817a70706587da3bd862835c59ef584e,×,×,×,×,×
8183993,√,√,×,√,√
8184301,×,×,×,×,×
8185b3dcf08ec728fb22b99016dd533f,×,√,×,×,×
8209b67ff556cb18651d,×,√,×,×,×
821473a1596f1429024cb1eadb471927,√,×,×,√,√
8219574,×,×,×,×,×
822643,×,×,√,×,×
8232376,√,×,×,√,√
824628,×,×,×,×,×
8248457,√,√,×,√,√
8249238,×,×,×,×,×
8249328,√,×,×,√,√
825970,×,×,×,×,×
826218,×,×,×,×,×
8263132,√,×,×,√,√
827988,√,√,×,√,√
828099,√,√,×,√,×
8285428,×,√,√,×,×
8289612,×,×,×,×,×
82d3bb091d45b59c1d7674727b1292a7,√,√,√,√,√
82f7b21509a69a0d70e18f2e4ddf5ed9,√,√,√,√,√
831611,√,×,×,√,√
8321212,√,√,×,√,√
833151,√,√,×,√,√
8336771,×,×,×,×,×
835062,×,×,×,×,×
835821d98f325225e81352ea828cf521,√,√,×,√,×
835979,×,×,×,×,×
835cda68ddd9c5416defce876a4d7dd9,√,×,×,√,√
8364262,√,√,√,√,√
8372494,×,×,×,×,×
837538,√,×,×,√,√
8378209d6cf5f073087b3c2b9814acec,×,√,×,×,×
8383050,×,×,×,×,×
839f6a3534002a6a29d819666a28bf5e,√,×,×,√,√
83a39d9328788372677a,√,×,×,√,√
83b56c3e76c28f88e9ea,×,√,×,×,×
83e4136803ca67b4955a,×,×,×,×,×
83f3cd8f44208a1856ce,√,√,×,√,√
83ff717d87c2559cc6e3,×,×,×,×,×
8403108,×,×,×,×,×
8406352,×,×,×,×,×
841006,×,×,×,×,×
8412843,√,√,√,√,√
8414494,×,×,×,×,×
8420193,×,×,×,×,×
8427853,×,√,√,×,×
8428798,√,×,×,√,×
844388,√,√,√,√,√
8444323,√,√,×,√,√
8447221,√,×,×,√,√
844aab52fcff6b1c652a,×,×,×,×,×
8450931,√,×,×,√,√
8458501,×,√,×,×,×
8460004,×,×,×,×,×
8464000,×,×,×,×,×
846545,√,×,√,×,√
8470123,×,√,√,×,×
8477219,√,√,×,√,√
8481824,√,×,×,√,√
848913,√,√,×,√,√
8497c831c0a37ec4060b,√,×,√,√,√
850437,√,√,×,√,√
85098ded28a6e472fa7d4c5b0afd5d3e,×,×,×,×,×
850ab7372d51005fdfd7,×,√,×,×,×
8513270,√,×,×,√,√
8543933,√,×,×,√,√
8555125,×,×,×,×,×
8555297,×,×,×,×,×
855680,×,×,×,×,×
8577232,√,√,×,√,√
8585400,×,×,×,×,×
8588668,√,×,√,×,√
859473,√,√,×,√,√
85a3eab09fefbb3bee5d,×,×,×,×,×
85ab1cfc3f733165e4b9,×,√,×,×,×
85c2ea78ba8de11cdaa14c75e740d633,√,√,√,√,√
8601bfad4ad512ff9d6d46d1ba0fbcca,×,×,×,×,×
8616550,√,√,×,√,√
8617378,√,√,×,√,√
8621775,×,×,×,×,×
8638475,×,×,×,×,×
8659759,√,√,×,√,√
8662660,×,×,×,×,×
8663d3bbfd586bffecf6a0094cd116f2,×,√,×,×,×
8664457,√,×,×,√,√
8668000,√,×,×,√,√
867589,×,×,×,×,×
867684,×,×,×,×,×
8678538,√,×,×,√,√
8683457,×,×,×,×,×
8684968ebacb5522c86a,√,√,√,√,√
868b1057d9c0b72a57b809a67ad6e4cc,×,×,×,×,×
8691435,×,×,×,×,×
86b60a7723b97da19f7bfa3cb7d2690e,√,×,×,√,√
86b74ae47719a27bbb25,×,×,×,√,√
8715089,√,×,×,√,√
871567,×,×,×,×,×
872145,√,√,×,√,√
8722026,√,×,×,√,√
8736338,×,×,×,×,×
874808,×,×,×,×,×
8752582,×,×,×,×,×
876324,×,×,×,×,×
876425,√,√,×,√,√
8792346,√,√,×,√,√
87e9a3e0539ce268222d1d597864c098,×,×,×,×,×
8803860,√,√,×,√,√
8807124,√,√,×,√,√
880901,×,×,×,×,×
8814190,√,√,×,√,√
8818209,×,×,×,×,×
881cd3e0f8836121226a04efb9e2ae18,√,×,×,√,√
8831412,×,×,×,×,×
8832970,×,√,×,×,×
8838751,×,×,×,×,×
883b3b4a51b0db7d0e0d,√,×,×,√,√
8846206,√,√,×,√,√
8851078,√,×,×,√,×
885932,×,×,×,×,×
8866ff9fd30930c85779c821f277cf58,×,×,×,×,×
8877450,×,×,×,×,×
8883307,×,×,×,×,×
889692,√,√,×,√,√
88d0ebab5ace81201f04,√,√,×,√,√
890640,×,×,×,×,×
8907544,√,√,√,√,√
891080,√,×,√,√,√
8916745,×,×,×,×,×
8917867,×,×,×,×,×
893580,√,×,×,√,√
893b63390160e33ddb3c,√,√,×,√,√
8949577,√,×,×,√,√
8951985,×,×,×,×,×
8957990,×,×,×,×,×
896603,×,×,×,×,×
8969259,×,×,×,×,×
8973947,×,×,×,×,×
8974ac739d1ac9f60423,×,×,×,×,×
8982669,√,×,×,√,√
8983536,×,√,√,×,×
899524,×,√,×,×,×
8a0f820261926e2f41cc,√,×,×,√,√
8a16c8e30c954aec014d,×,×,×,×,×
8a8095721ee81d49f16c,√,√,×,√,√
8abc96b010820970f304,√,×,×,√,√
8abd37bf2d60cce6e01d,×,×,×,√,×
8abe1d2f62400f87958d,×,×,×,×,×
8ac8be9010ebfa59c599d7915e9a7a47,×,×,√,×,×
8ad859f30438f3be149fe9751391d037,×,×,×,×,×
8af030b2dd654273c5bc,×,×,×,×,×
8b100c205b8c35b3c8ce,√,×,√,√,√
8b1502a49d8b20a6ae70,√,×,×,√,√
8b1b456ec95d95c77d42,×,×,×,×,×
8b6f09310a847e0a7aed,×,×,×,×,×
8b799c0345eaba56cc8c,×,×,×,×,×
8bb867dc631433c01fd0,√,√,×,√,√
8bbcc202a915e965c6a6d4f561d0e482,×,×,×,×,×
8bc573bb3a970b1c214d,×,×,×,×,×
8be20f6256f9fd474c05,×,×,×,×,×
8bfa8e25f36e6f619247203d1bc0291b,×,×,×,×,×
8c6446457bcabf6e8e868e8717426ff4,×,×,×,×,×
8c9644f9666d60cad37b,×,√,√,×,×
8cb3aa12e73a6df8d6b6,√,×,×,√,√
8ce64008710128f3a076,√,×,√,√,√
8cebde204781b7d27c90,×,×,×,×,×
8d1a9b14d4e9a9080ab4752608c2de61,√,√,√,√,√
8d36bc7ab765ee601403e90d1d2f303f,×,×,×,×,×
8e2cf809155062082c838f7346e45fe8,×,×,×,×,×
8e4b396a1c8a1f3f80d0,√,×,×,√,√
8e4bea946ab9c05347fe,√,×,×,√,√
8e7ab6fe8ad6d903aa0c,√,×,×,√,√
8eabf18a6a79f5dbe3f4,×,×,×,×,×
8f07d0bfadffd40fcf40cd49cb77382d,×,×,×,×,×
8f3b0a678011ac74c61b,√,×,×,√,√
8f6667310a94f0c18bda10a1d5ff578c,×,×,×,×,×
8f9980999ed43246b9b2,√,√,√,√,√
8fa6b37265d5394dd7a4,√,√,√,√,√
8fdb62f7094e6a9829f2,√,×,×,√,√
8ff161505721b6c4ab25ccfe7996fd1a,×,×,×,×,×
8ff8e31ee1a2a9585a5a,√,√,√,√,√
9000222,√,×,×,√,√
900514,×,×,×,×,×
9012444,×,×,×,×,×
9026148,√,√,×,√,√
9040475,√,×,×,√,√
905137,√,×,×,√,√
905380,×,×,×,×,×
9056ad6e642b814090829edffb4ffd27,×,×,×,×,×
9060558,×,×,×,×,×
9077495,×,×,×,×,×
9089444,√,×,×,√,×
908a8f99ea5c98cedb4aaf71c7a3324f,×,×,×,×,×
908ef5f4fa162f15b3b8,√,√,√,√,×
9090456,√,√,×,√,√
9098744,×,√,√,×,×
90a6d0f6789e15c38e97,×,×,×,×,×
90fe4a3bc0caa582fc563ec503e5444c,×,√,×,×,×
910392,×,√,×,×,×
910726,×,×,×,×,×
9110299,×,×,×,×,×
9132441,×,√,√,×,×
91334d590b6592c0c960,√,×,×,√,√
915335,×,×,×,×,×
9160719,√,×,√,√,√
918751,√,√,×,√,√
918d4ad7c931bc14b475008c00aa09f1,×,×,×,×,×
9218791,√,√,×,√,×
9218f99ba35da225ca11,√,×,×,√,√
9220847,×,×,×,×,×
9228580,×,×,×,×,√
922973,√,×,√,√,√
925008,×,×,×,×,×
925270,√,√,×,√,√
9258971,√,√,×,√,√
9270848,×,×,×,×,×
92a2d05dd772778f86f2,×,×,×,×,×
92e65a8919b11d9310b32b194b09741c,√,√,×,√,×
9300560,×,×,×,×,×
9301467,√,×,×,√,√
930276,×,×,×,×,×
931406,√,√,√,√,×
9316552,×,×,×,×,×
931984,√,√,×,×,√
931b0194242fca0e234e,×,√,×,×,×
932345,√,√,×,√,√
9335869,√,√,×,√,√
9343730,×,×,×,×,×
9345872,×,×,×,×,×
934a8308a4ec09e2e0756a313a915622,√,×,×,√,√
9358479,×,×,×,×,×
9372073,×,×,×,×,×
937534,×,×,×,×,×
9378601,×,×,×,×,×
939252,√,√,×,√,√
9395cd6d36c7ac3be2d1,√,×,×,√,×
9396204419c7b638d38f,√,√,×,√,√
9397410,×,×,×,×,×
93e0ba46f0fa6faf660d,×,×,×,×,×
944049,×,×,×,√,×
94412c4808421acbd1d0,√,√,×,×,×
944439a04546f4c02cb9,×,×,×,×,×
94456,√,√,×,√,√
945093,×,×,×,×,×
946582,×,×,×,×,×
946c4d9aa7a74828bc12,×,×,×,×,×
9481236,×,×,×,×,×
9497761,×,×,×,×,×
949ba045d1471c03ae7c,×,×,×,×,×
94a400a7bce6f8cfc9e7eff87270c9e9,×,×,×,×,×
94d747fe5180851196eb,√,√,√,√,√
94e623123f20566d158569a2ef3b25a2,×,×,×,×,×
9502024,√,√,×,√,√
9507070,√,×,√,√,√
950bbb9d9d4014d893e5,√,×,×,√,√
9542707,√,×,×,√,√
9574251b3c7eefccd84fc38905110ce4,√,×,×,√,√
95a2a749ceb47ad4eb1ff6d1f8d73c5c,√,×,×,√,√
95c61c9a1501ada2a6c5,√,√,×,√,√
95c66d564c58361ecf9f,√,√,√,√,√
95f97485ada5b47693ca,×,√,×,×,×
964472,×,×,×,×,×
964622,√,√,×,√,√
9646279d220994222845,√,√,×,√,×
9649532644540b5b798308f66699ef67,×,×,×,×,×
9655195,×,×,×,×,×
966387,×,×,×,×,×
9667052,√,√,√,√,√
9670681,√,√,√,√,√
967274,×,×,×,×,×
9673839,√,√,×,√,√
9674216,×,×,×,×,×
9676416,√,×,√,√,√
9679647,√,√,×,√,√
9680901,√,×,√,√,√
9683c333e73a82379b8e377eb2e6fc41,×,×,×,×,×
968909,×,×,×,×,×
969ea467e870b68963f3,×,×,×,×,×
96a329f6d12f17b4760373b1cf3b92e9,√,×,×,√,√
96ec9b3c5df60a07b216,×,×,×,×,×
9705471,×,√,×,×,×
9709984,√,√,×,√,√
9716578,√,×,×,√,√
9722045,√,×,×,√,√
97256,×,×,×,×,×
9747287,×,×,×,×,×
9750796,×,√,×,×,×
9763549,×,×,×,×,×
9768713,×,×,×,×,×
9771f75e3f16ba5daafb,√,×,×,√,×
9773143,×,×,×,×,×
977777,√,×,√,√,√
9797a9ce8ad97de6e326afc7c9894965,×,×,×,×,×
97a1b2b7f954246886de,√,√,×,√,√
97cffbea574a5890f0d7,√,√,×,√,×
97d0fb82c3894f56809a,√,×,×,√,√
9822570,√,√,×,√,×
982ce339d5f8c9a769a0,√,√,×,√,×
9842903,√,√,×,√,√
984892,√,√,×,√,√
985060,√,×,×,√,√
9874480,√,×,×,×,√
9875439,√,√,×,×,√
9875468,×,×,√,×,×
989074,×,×,√,×,×
98a38b54f889fce2b237,×,√,×,×,×
98b4d7288a2ee7b1319a8ff71d3e2c7b,×,×,×,×,×
98b59370a1d171817edb,×,√,√,×,×
98b7edca1b29c949fcf1,√,×,×,√,√
98bb452dc14e8c40e403,×,×,×,×,×
9901745,√,×,×,√,√
990d3653c5803927cbb6,√,×,×,√,√
9927923,×,×,×,×,×
994260,√,√,×,√,√
99442e1294a6c83368f5,√,×,×,√,√
9947556,√,√,×,√,√
9951701907ed328218dd,×,×,×,×,×
9952389,×,×,×,×,×
9956ec93a07ca4e9ba5bc415b014bcca,×,√,×,×,×
996771,√,√,×,×,√
9985307,×,×,×,×,×
998722,√,√,×,√,√
999228,√,√,√,√,√
99b7fb8ff89104d30eab,√,√,×,√,√
99e1ad329383de04be4834a8c3e28c0d,×,×,×,×,×
99f7f921b512496a9563691e15d846b2,×,×,×,×,×
9a632bbb0acb445f4f3a,×,×,×,×,×
9ad6a265aac887fa26c1,×,×,×,×,×
9b1e305543f6fcc9318a,√,√,×,√,√
9b2b3e8a6c67697279d3724dce5dab3c,√,√,√,√,×
9b7787a607a5a676c6d8,√,√,×,√,√
9bb9eaea2523cd2144cf959f48a14194,√,√,×,√,√
9bde6d0985bd71b103d3,×,×,×,×,×
9be3d2aa4930ecd8e536,√,×,×,√,√
9c1614281797ce620c6069476d39c7b8,√,√,×,√,√
9c411d2b88eab4232cc66a9c7f6988fc,×,×,×,×,×
9c4d012d6fff059ccea7,√,√,×,√,√
9cba618eacedc68c656b,√,×,×,√,√
9cc23ce7c1e5c9e4379e,×,×,×,×,×
9cdead881799a47742ff3cd296d06cc1,√,√,√,√,√
9cfd4d8400961a3b67a1351a1851c869,√,×,×,√,√
9d0bf77bf070262ab3cddfc4b79d031b,√,×,×,√,√
9d39e1868e220e02cb58,×,×,×,×,×
9d4ea9b04b223de02c7a,×,×,×,×,×
9dad6c4ab0d8d7dbf3dc,√,×,×,√,√
9dcd642059214d81b3ef,√,√,×,√,√
9e1f7cf4945a608ae48a,×,×,×,×,×
9e30b2f908e801da1bd789f4ce3e7aac,×,×,×,×,×
9e990f56dabe27b42bfb,×,×,×,×,×
9ea0e4feb62a45acffee,√,√,×,√,√
9ed6ee8a55ff1587c08c793d5f23dfda,×,×,×,×,×
9f1793c4d1f466d3b58966da36b54fad,√,√,×,√,√
9f2d7da68779a17a0890,×,×,×,×,×
9f49f91bd7d0a527fdb5,×,×,×,×,×
9f6118ff84867e89f3348707c7a1271f,√,×,×,√,√
9f782f83e25d3c9eb202,×,×,×,×,×
9fbbf2f450779bde60c3,√,√,×,√,√
9fd4304148b398983b3c,×,×,×,×,×
9fffe8ba08e378e3d027610921c51a78,×,×,×,×,×
a003ace716c278ab87669f2fbd37727b,×,×,×,×,×
a027a9fc5aac66e6a382,×,×,×,×,×
a05a9ed37a3096cffef80bdc7fee31bc,×,×,×,×,×
a06477775f18c11b4517,√,×,×,√,√
a08221826c6f20ac47fe688e575e51ca,×,×,×,×,×
a0a5dd7bfcaac3d3e9c18e5ea1080b95,√,√,×,√,√
a0d42148fa11cbdaa00168e321f598f5,√,×,√,√,√
a1178bf10729a27184b1,×,×,×,×,×
a14e56ab945cd7e64c3b,√,√,×,√,√
a16749ee76941e8d86c8,×,×,×,×,×
a2b9c6ecdb24ca8fd6f4f41a9c0eb32e,×,×,×,×,×
a303721443f5eb46035e,×,×,×,×,×
a3dd4a35ecd94660411112999923d561,×,×,×,×,×
a400d6c20a52f0b3cd5415e833263b1f,√,√,×,√,√
a428ef783211b0ffdee1,√,×,×,√,√
a42aecb379742d3cd150,×,×,×,×,×
a430d460966d64edc6cad71c502d7005,×,×,×,×,×
a4533e0adebe57e3ed06d4b50c8419ae,√,√,×,√,×
a48b50e46f01dc7ac96d,×,×,×,×,×
a48feaecfdb9e0609c6a02590fd1f91b,√,×,×,√,×
a4cfdc19144e7bd634a8,√,√,√,√,√
a52b036424bd9975d719f224ca8cc8d5,×,×,×,×,×
a536bfa68b066c6fd593,×,×,×,×,×
a5407ce6b5061525e7f2,×,×,×,×,×
a54e7e182ddf564f6a5c1fe50db556a2,√,√,×,√,√
a56421d26afb1f728a2b5959ce1c4486,×,×,×,×,×
a56d5446416f5ad2bbac,×,×,×,×,×
a5808fe356b8da031837,√,√,×,√,√
a5af977340c1c452d2d0,×,×,×,×,×
a5b640e4368204426310,×,×,×,×,×
a5f57e8c9d0aedee285fb6f43cb5900c,√,×,×,√,√
a5fb23f096d7b0c3880e1622938d0901,√,×,×,√,√
a61918cbfae993b68eb17b5b780b7e32,×,×,×,×,×
a62b5cf5262fc7179dee,√,×,×,√,√
a64321dd69339c42a184,√,×,×,√,√
a67517621c2a9d4c2f14,×,×,×,×,×
a682299af39b76d8592f,√,√,×,√,√
a68d6f32f4985ed547ce,√,√,√,√,√
a6a32bd87fdfe5529f0e908ed743f779,×,×,×,×,×
a7733a15cbf6c0cd9fba,×,×,×,×,×
a7c41b072cfa4cc2c592,×,×,×,×,×
a8121604385ce6da251d20d018f9a6d6,√,√,×,√,×
a8332d2b6dc517accedbff8fd8e63b08,√,×,√,√,√
a86b412988cbf5216aa5c48b1cf439c4,×,×,×,×,×
a8c96f1aeb41393dadf6,√,×,√,×,√
a8ddb994df41583b64f8,×,×,×,×,×
a8f87b0d95e73eb482c5,√,√,×,√,√
a90c6f22372de8859f14,×,×,×,×,×
a9de2ef498a09747bbf673ddf6ea4843,×,×,×,×,×
a9f0b1ca7e98391a5067,×,×,×,×,×
aa3d19a12b74e9ab7941,×,×,×,×,×
aa46105d34349543582b177ae79f32f0,√,√,×,√,√
aa64ddf6109414291030,√,×,×,√,×
aa8713d4334036bcb0060ff73dba54c4,×,×,×,×,×
aad88d51001ea83ecfc6,√,×,×,√,√
aad8a37114825b0ce1a5bc48bf5f3cac,√,√,×,√,√
ab136dbfb97f8ee1d309,×,×,×,×,×
ab2e34dc58c8c2d0f2e15f25b528dc19,×,√,√,×,×
abb8a2f22adbdb6d387f,√,√,×,√,√
abca49bf36433fd1f9d1,×,√,√,×,×
ac5987161bc27048e1da48e40299468b,√,×,×,√,√
ac5f50d1409954c38681353fb6c6921b,×,×,×,×,×
ac8f22326f095ed2690e,×,×,×,×,×
ac9170132e5abfc5381353428e70f1d9,×,×,×,×,×
ac9be1abd2bebe9ad8da5c645a1d0b5e,√,×,×,√,√
acaaf10e9649bfd1863b,√,√,×,√,√
acbd669af86ecb8f988325084ba7a749,√,×,×,√,×
ad16c57cf48eb95a4b63,√,√,×,√,√
ad575cee6bb503d4d193da355d70d3e9,×,×,×,×,×
ad7eda38c797dfddc394,×,×,×,×,×
ae2a7adaab133c61a059,×,×,×,×,×
aea4329b760eb3e72f4d,√,√,×,√,√
aecb82d8b51e991dbd01,×,×,×,×,×
af466b8d32d7cd4954f1,×,×,√,×,×
af5bc4fae39b16f8d505,×,×,×,×,×
afb129122a64bde3bd0c,×,√,×,×,×
b02bac4b48f780bee77b,×,√,×,×,×
b09f45e112b226b97a36,√,×,×,√,√
b0a882f844e188c78358,×,×,×,×,×
b0c075cfde406280cbf7,×,×,×,×,×
b0e95087771dbefa386f,√,×,×,×,√
b0eae211db963fe56c0c55773e6a16c0,√,√,×,√,×
b18ce332bde37e156034e5d3f60f8a23,×,√,×,×,×
b19bb35f5484af5d7622,×,×,×,×,×
b1d181802fac750f0cc1,√,√,√,√,√
b1ef03dd21e7a3016161,√,×,×,√,√
b205bdf830c9f81e5fb6,√,×,×,√,√
b26bc0333cc18660d07baeb923ce9021,×,×,×,×,×
b26db61d8bde30b8a88451615105da7a,×,×,×,×,×
b27cdbff68870418bdb8cefa86a2d558,×,×,×,×,×
b2af7d980eb217a0af07,×,×,×,×,×
b3143dde185cecda7c1dee7ffbce5d2c,×,×,×,×,×
b3e6f9b5d95af8ba2cc46f2ba6eae5e2,√,√,×,√,√
b3f329868934710fbc81218ce1d6d722,×,×,×,×,×
b3f8ab944a85b33e694de21c6ded029e,√,√,×,×,×
b45983f227f1e4fbea65b6e06abfdecc,×,×,×,×,×
b45d21224c4ea16bf4a72e2a03f741af,×,×,×,×,×
b46119196c75d6ef20ff,×,×,×,×,×
b470324dc5c81cef8ae24fd1d3fd4e59,√,√,×,×,√
b48d48fc1b6eb080412129e596ab2193,×,×,×,×,×
b492a548aa342ce0badfe1eed86ea5a4,×,√,×,×,√
b493a228c4081ff0260b,√,×,×,√,√
b4a0aed67fc0da6b02434a5c2cef45c4,×,×,×,×,×
b4afaf9648ec986928a9,×,×,×,×,×
b4ea0034839ccbc2aa03,×,×,×,×,×
b53cc1e0482411e4b53d74bd12a485c1,√,×,×,√,√
b55de7edbcbc1ad46a28a0975c01a5cf,√,√,×,√,√
b5952c36b36b877adcb0495163678675,√,×,×,√,√
b59679e31dbdb01064d6bceb827ed88b,×,×,×,×,×
b5b2c4be45437992df58a7dd13dbafa7,√,×,×,√,√
b5d44b5c06172733d9edda4bcf9326b2,√,×,×,√,√
b5e7a80691ed5e44e7fea1964bae18dc,×,×,×,×,×
b6460d1e3da5044ffff235403d16fed2,×,×,×,×,×
b6e374d172bbe3e6130f6849e7bd6c13,√,√,√,√,√
b71ed0e977e6d345bcb8,×,×,×,×,×
b72585771a9f606ad800,×,×,×,×,×
b76261844db0255899ba857838a7c201,×,×,×,×,×
b7beba6f962110596660,×,×,×,×,×
b8240ea53d22e1bb4d32,√,√,×,√,√
b82d70b0d581dc4609e4,√,×,√,√,×
b82da1cb8f3afe5ccb643f87e2f853b0,√,√,×,√,√
b8462a8a1cb69f55d8356cbb0f3a4d63,√,×,×,√,√
b85fcfd4a0479810e6aa,√,×,×,√,√
b87ffb502890909aea2eb449643d5bc7,√,×,×,√,√
b8a7b7be344e447e7ee6625fe2fdd765,×,×,×,×,×
b9309cdd7d5adc3b4b70,×,×,×,×,×
b95cb69fd1c82ca4c2ff,√,√,×,√,√
b9768b4eefe679c988ce,×,×,×,×,×
b9bc61a74e7cadeb1fec,×,×,×,×,×
b9df49cfc1540bc8b896,×,×,×,×,×
ba235b7e90aafb9986158697a457a0d0,×,×,×,×,×
badd18a84b236c9e6c34057512cb569a,√,√,√,√,√
baf42b089d71b94fd229,×,×,×,×,√
bb160e63686f517c93a937f46714dd03,√,√,√,√,√
bb61c15139bff338cb17,×,×,×,×,×
bb640cebefcc550f357c,×,×,×,×,×
bb85da3aa563b747151e,√,×,√,√,√
bba5c2ba3000010ca049d6f96f5d2f27,×,×,×,√,×
bbfa863f3fe4bb2163d94394d7b60899,×,×,×,×,×
bbfc1f0b9d003bf08b26,×,×,×,×,×
bc901de8b7e59cbeb190,×,√,×,×,×
bca0daa0c3ca0ddb2c70,√,×,×,√,√
bcc376fb336b73f24b29,×,√,×,×,×
bcd8b4002b6cbf77dd89,√,×,×,√,√
bce94f1c37215f644e0c,×,×,×,×,×
bce98c5c1688fc833475,×,×,×,×,×
bd0940f7988774e2822d,√,√,√,√,√
bd2d6c2271e42ed97b97,√,×,×,√,√
bd57b54a5c6903e4a6a2,×,×,×,×,×
bdb31b04fb1e69fa5346,×,×,×,×,×
be6123c7ee3b366e333a,×,×,×,×,×
be7e84c9d61c4869e981,√,×,×,√,√
bf576ee091e75071bc66,√,√,×,√,√
bfb45408d43986eefdf83b59bc9e8629,√,√,×,√,√
bfc2099235ac96937f34,×,×,×,×,×
c01b65369b71c35431c8,×,×,×,×,×
c063bddb9b8d17a037695d748db4f592,×,√,×,×,×
c078cabc0a48f2570028bff397a9e154,√,×,×,√,√
c0fdb29ddf0d338bcbd021b68f5bea51,×,×,×,×,×
c12be33cdcd9a86f20a2,×,×,×,×,×
c18130768ac0ef0345947c5aa0827b65,×,×,×,×,×
c18bfe4fd96008ffa0aef25001a2e88f,√,√,×,√,√
c1adfdb0f526465c99409cc143dea97b,√,√,×,√,√
c211c1af232974f00564,√,×,×,×,×
c233b0d25c5fbe008d9477bc1b2d234c,√,√,×,√,√
c26b2dd5c2bdeaf6d7479a68bd7023bb,√,√,×,√,√
c28329f12711a914c7a8cbe6eeb947c0,×,×,×,×,×
c2b2943ead94c200574a,×,×,×,×,×
c2cf8d8aee3eb70668bd,√,√,×,√,√
c2d24fe340a7f3cf76d2,×,×,×,×,×
c2dfe5772ba3cd16c1be17ba42b7db66,×,×,×,×,×
c3124826a3c49ddda6999acb40ad2c27,√,√,×,√,√
c344f114e1579a29e163,√,×,×,√,√
c362f0ad488e3b289394,×,×,×,×,×
c3a540563e0774489ceafb3156b318a2,√,√,√,√,√
c3c474a04d7c0cd8ddeb,√,√,×,√,√
c42d76db2ad2e87a5086,×,×,×,×,×
c4329fa17f1b3f287341,√,√,×,√,√
c4602c23783d894b8d96,√,√,√,√,√
c47824c116e6a61a56d9,√,√,×,×,×
c4806c504e46e8cdb00a,√,√,√,√,√
c4b999517b713adb6480a349bb6d7658,×,√,×,×,×
c503014bbb03088bec37a61231036461,√,√,×,√,√
c577716bd2f15b9ca330b15443e8bfbe,×,×,×,×,×
c591cab03c66780b18d5,×,×,×,×,×
c5af642cf217971d93f499e8f70fcb72,×,×,×,×,×
c5afa16b07747b113808,√,√,×,√,√
c5ead2b72b2be03eb0ca,√,×,×,√,×
c613bd0fad5de00bab2e,√,√,×,√,√
c648d753e7d0176ff172,√,×,×,√,√
c67039252268ec5e66ba,√,×,×,√,√
c6936d219db8e6635d25,×,×,×,×,×
c6b3e4d47d933b057aab32c9c29c4221,√,×,×,×,×
c70fb69eef42d40bed06,√,√,√,√,√
c71f241125ed879d4af7,×,×,×,×,×
c781881856b30cacef36,×,×,×,×,×
c7a2333c227e24226808,√,√,×,√,√
c7a37230842f82fc51eaecf855fbf7ab,√,×,√,√,×
c7dd1262bd81a32663f0,×,×,×,×,×
c7e9a91256c9c5db1676aa3c240531cf,√,×,×,√,√
c7ec9a30052127c7a1ad169eeb83f159,×,√,×,×,√
c80e24454ee353d3c123,√,×,×,√,√
c84643e4d13818fc5a35a8de888126bb,×,×,×,×,×
c87011a445135417c114960bbc187618,×,×,×,×,×
c87cc706625b8a54e604fb1024106556,√,×,×,√,×
c8a451502958fa367d84bf038081ee4b,√,√,×,√,√
c8b3fb31c1552ecbaafb,√,√,×,√,×
c8d1caabaf7b43317bc8825c226045d2,×,×,×,×,×
c8e62ef8cb9515d64df4,√,×,×,√,√
c8eb9d0938584a277f90,×,×,×,×,×
c91859ed22e4dda11d36,×,×,×,×,×
c92066d9d38b236a21d5a7b729a10f12,×,√,×,×,×
c9248a239bbab0e0d42e,√,√,×,√,×
c943835a9742f5021eeb,×,×,×,×,×
c9792757a9fc02d01408bf30855d412f,√,√,×,√,√
c97fe158082000ae06ad624527433de6,√,×,×,√,√
c9f42c81c53b276b6560,×,×,×,×,×
ca6ed07e5c8017272701,×,×,×,×,√
ca851e39229551208c0d,√,√,×,√,√
ca8f71e38ad12ff157b34d5425d50ec7,×,×,×,×,×
ca92b42f1f796763e5d1f8cd73247a30,×,×,×,×,×
caaf6087162f1c6361571ee489da260f,√,×,×,√,√
cad6d3d223fc8d769227,√,√,×,√,√
cadedd0dd0d4c966462b,√,×,√,√,√
caeb0a6dc89d9e7ec48d,×,×,×,×,×
cb0833a03a7d30c6d6e0,×,×,×,×,×
cb2b90523c592abe7ae4,×,×,×,×,×
cb5a28fa8d4db3fc1ba51894663c1aed,√,×,×,√,√
cb5d8157a8fa5a4a046e,√,√,×,√,√
cc0ac48d34860c5bb3f9112f4d9a0300,√,×,×,√,√
cc3c187172ac848bd896ecb2b812dc51,√,×,×,√,√
cc63e6aa9a88ea6e901f,×,×,×,×,×
cc704ba2a96e4a319e9e,×,×,×,×,×
cc8647960afeb2c15a6061d7ab7e594e,√,×,√,√,√
cd045c3663f0fe2cd0e92d88a8ae2274,×,×,×,×,×
cd19a20d2e712f61d2ea,×,×,×,×,×
cd72af254e50e01ae763,×,×,×,×,×
cd9a1a7c969c06eaae8b,×,×,×,×,×
cdf79835a0e30a9cbdeaaf2eb4151077,×,×,×,×,√
ce5ebb37390ab0ae56c9e6e80128fdc2,√,×,×,√,√
ce648166902041fbc613,×,×,×,×,×
cf2b4e56fe28835c3ceb,√,×,×,√,√
cf4b324f8955bc56ce0ff9399d9fdea6,×,×,×,×,×
cfaad5763fb7471aed85,×,√,×,×,×
cfc9f059459cfefd1f61134b48291436,√,×,×,√,√
d039e69e97afbf1b863b,×,×,×,×,×
d03a49767c7c307be5ed,√,×,×,√,√
d049a307a271052dc740,√,√,√,√,√
d0bb1f94cda69a5e7c96d1742cc5adca,√,√,×,√,×
d100a028027c5a6b8340,√,√,√,√,√
d11c77c5565482e965d1919291044470,×,×,×,×,×
d1351610477840bbbb72,×,×,×,×,×
d1426ffad93b786e035e,√,×,×,√,√
d14e424540faedb3ea88,×,×,×,×,×
d1899f011ae41b26fb6e,√,×,×,√,√
d1af2b73d38fbceee5c848fc9cf641ce,×,×,×,×,×
d29d079100f8d81b905e,×,×,×,×,×
d2c38170d4beceeb32dc,×,×,×,×,×
d37ab1524a7d5e373ee5a2a0176ebd22,√,×,×,√,√
d3bf8d7a1867aed16d30,√,√,√,√,√
d3d4123985ffea996781,×,×,×,×,×
d4175526801c6e7bddee,×,×,×,×,×
d44132ae3bdcc0ca96a9f9f84d6d3463,×,×,×,×,×
d44fde5d323473ce8be7,√,√,×,√,√
d45259ce3f8e4c226846d2f31bf719f5,×,√,×,×,×
d49f6fd44b9e690a6ac5,√,×,×,√,√
d4d90bc5b8fb9a56fa2d4f2383a2eda7,×,×,×,×,×
d4fc31bc09e8b0756569a416aede330b,√,√,×,√,√
d4ffebb452fe738b8aaa8005fc08a068,√,×,×,√,√
d52d9ba44541fabaf4b012f4e62d675b,√,√,×,√,√
d592394c0cedd32513f8fbb87ca05938,√,√,×,√,√
d5da6f4b29a844a5865a,√,×,×,√,√
d64234a093e223e319d2d7a104d4b85e,×,×,×,×,×
d6428881f451097f329e,√,√,√,√,√
d68467b87bc50e04c41e,√,√,×,√,√
d692487c9ed35938da376f3b58d91206,×,×,×,×,×
d6aa922505c4e5f21f2f,×,×,×,×,×
d6cd0fb8c85e1547c3c60f95f5b2d5e1,√,√,×,√,√
d6cdb809115ecf46d5fea5a458c4dada,×,×,×,×,×
d6eb474543c32eb33504,×,×,×,×,×
d710f2751428975448a4,×,×,×,×,×
d76eb4f4eea0320bb35dcd1b2a4575ee,√,×,×,√,√
d85b17e6e13fd8dcad7cf51d1c6b3a1c,×,×,×,×,×
d883c3fe1402c7ced6fc,×,×,×,×,×
d887f01c563a60554360bb5ae07cd1b0,√,×,×,√,√
d8e8d65d0418886c47d0,×,×,×,×,×
d91a0983140acbb8bc6455f58cbf45cb,×,×,×,×,×
d97eb37da84ce7329de6,×,×,×,×,×
d9ef555fb7ef5498c709,√,×,×,√,√
da0ebd94c1c1fcf7ef6f3cd3f1f6fb9c,√,√,×,√,√
da582d745fa2bf0ddd8f5f7480042291,×,×,×,×,×
da673e7cd79d0b6899b9bd6a68c860d0,×,×,×,×,×
da6c11fad0fc1966aa057e62bacccb2d,×,×,×,√,×
daef0b34ec5af6f026af52d593131c64,√,×,×,√,×
db030013e981c46acb2886060dde607e,×,×,×,×,×
db051ab5105c5af5401aa5ef8739ada9,×,×,×,×,×
db5ec4ce7c1dbaae4707,√,×,√,√,√
db709c8c1279348e0638,√,×,×,√,√
db7b6db7035dd48e5902,×,×,×,×,×
db972e738cfacdf8055f,×,×,×,×,×
dbb593a597acb2c0b93b,×,×,×,×,×
dbec2584e7508cbfc79e,√,√,√,√,√
dc176cdb29efd826e8c748e7f96933f0,√,×,×,√,√
dc3257b6a44da3d8fd05,×,×,×,×,×
dc36e180d1888629cf33,√,×,×,√,√
dc61c42aa4e89e139cd8248f59af6b3e,√,×,×,√,√
dc673da0c531c7a6059b,×,×,×,×,×
dccc1c4fdcf1c7a31757168b19c827a7,×,×,×,×,×
dd1538665994b48972a62966b4369354,×,×,×,×,×
dde829f94a8f83bfa922090102449fde,√,×,×,√,√
ddf6aaa6b3d37f602fedfd38c9af9d49,×,×,×,×,×
de1383080e9f8fb7d208,√,√,×,√,√
de1726bfc7330b2c9b2a,√,√,×,√,×
de22705b5f7ef778806b,√,√,√,√,√
de261e66949009f44ad2,√,×,×,√,×
de3ab9cb8bb4b7719571,×,×,×,×,×
de546cb143ebae4a489a482a05ab4beb,√,×,×,√,√
dedc857cdc0e680dfb1be99762990c9c,×,√,×,×,×
df0b30453338946e639449710862822d,√,√,×,√,√
df47cd6aea9eeac153ff,√,×,√,√,√
df919538bcef391bc89f,√,×,×,√,√
df9ad5ef01d16c02d68d9a8c17c75b73,×,√,√,×,×
dfca335e370a2bc3bc79876e6270099e,×,×,×,×,×
dfd7eb0ce2915d004367,×,×,×,×,×
dffb8de093502b153e85,×,×,×,×,×
e0defc252f665b2b51e8,×,×,×,×,×
e11b546d6ba9ebc2b604,×,×,×,×,×
e196107b5e0afc834652bd3153030c42,√,√,×,√,√
e1b58ad5ff33c697ae83d83fdbab76e4,√,√,×,√,√
e1e011652b297d13b3ac3f99fd11b2bc,×,×,×,×,×
e223622e255bd5b8c9130407397a0494,×,×,×,×,×
e28813c1e8721830ff9c,√,√,×,√,√
e294562759ff2755486e,×,√,×,×,×
e2af6270cc9563cca197,√,×,×,√,√
e2ef822c744357a4ed16ec0c885100a3,×,×,×,×,×
e3433ebba20c92b63111,×,×,×,×,×
e3556f0089e89970bf9b,×,√,×,×,×
e37887e81cee51ab2dc70d16780ae942,×,×,×,×,×
e37a85fb0258b045c005ca3db9cbc7f6,√,√,×,×,√
e38e0588bf6d8f32e99d,√,√,×,√,×
e3a91e46df24e0c24eb656c89373c20d,×,×,×,×,×
e3b59913d71d82a03eda,√,×,√,√,√
e41abdd59c5308eacf84,×,×,×,×,×
e4907ccc9f6c1bb49b17,√,×,×,√,√
e522b44a1dc7d3a388d4386d416747f5,×,×,×,×,×
e530dc9767d8f83c08f3582c71a5cbc8,√,√,×,√,√
e53a70f9e5c3f55852b0,√,√,×,×,×
e542b181be28d168ba177c9b8e3787b6,√,√,×,√,×
e5fe0a832872c2b1cebe473c7cf6fb07,√,×,×,√,√
e61631ea83c958befa5db92f8bde527d,×,×,×,×,×
e625e7ba482efdb670501cf401a2b6e9,√,×,×,×,√
e68c2bcb3d0893eafc0025d1104a8c4a,√,√,×,√,√
e6d0864738da10cb9685,√,×,×,√,√
e6e53cbe679d3ec77e25,×,×,×,×,×
e76e7c2a2aff228d7807,×,×,×,×,×
e7b0bc65927b7987b7d4,√,√,√,√,×
e82c16e0401a77dec92a,×,×,×,×,×
e93532d5e7ddf0ec56c336499165c4dc,√,×,×,√,√
e9421f06ea3a62bfbb8c,×,×,×,×,×
e9625de0711f29cd0a4b57502648dd86,×,×,×,×,×
e972345a37686b9b1362,√,×,×,√,√
e97d518fe02a79177b081c028a83ec1c,×,√,×,×,√
e9851bc47dcf1ba7ee15,×,×,×,×,×
e99c114a5b33cd2da538,×,×,×,×,×
e9fb36ca2220a167b7ed,√,√,×,√,√
e9ff0ac61fcb3b1b60ba,√,×,×,√,×
ea1b1bae0a75c4aae593df7eca72d9ca,√,√,×,√,√
ea3bb160dbc2e650b4474a84248d0d1a,×,×,×,×,×
ea46edc315b0f94d03b9,√,√,×,√,×
ea6a808c1e1c382ec567,×,×,×,×,×
ea8b0a48983b9f7a8d01cbc0651e43d1,√,√,√,√,√
ead9898bd3c973c40429,√,√,×,√,√
eb302ad37fe170386893,×,×,×,×,×
eb6dc49c861a1c21b612b568dd188668,×,×,×,×,×
eba2bf1a0ecd3e541146e98f35d49739,×,×,×,×,×
ebb282c3b73c41c1404123de6cea4771,×,×,×,×,×
ec0dbce5688e6fcd2cb91ac1fb7d03ca,×,×,×,×,×
ec169727def8eb09b44fff84f93f1496,×,×,×,×,×
ec3adc02d927375f13d0,×,×,×,×,×
ec5c8bed17396e8e55cf3305dbb88f56,√,×,×,√,√
ec88cbdce3cdbac7b8d5,√,×,×,√,√
ec8ddab12364323c97d4e36459174f0d,×,×,×,×,×
ec8f1689bfde3ce9a920,√,×,√,√,√
ec9c9074373d2443594a,×,×,×,×,×
eca49daaae6d4566383b39908bfc3fd0,√,×,×,√,√
ed9631f151710c6bd898499fcf938425,√,×,×,√,√
ed991fb8cdcac3dfadf7,×,×,×,×,×
ede1aec7b3801eb08bc0,√,×,√,√,√
ede5b6b793f02bd966a6a7502c0a7fbf,√,√,×,√,√
ee05163d448353af4c260c544db4d6b2,×,×,×,×,×
ee837b44613ce93064aa,√,×,×,√,×
ee8c85ff0462ec6105b2,√,√,×,√,√
ee8edb61a4aba40ce2fc653e12cd5e69,√,√,×,√,√
ee9151b0ad985ca348cd,×,×,√,×,×
eea5bb9ea6a73a398c44,√,×,×,√,√
eeb156dc7b4caca69f5b31037da54708,×,×,×,×,×
eebc4d569100c8e3039bf3eae56bee4c,×,×,×,×,×
eeea2093888e8d4004ec06b5a1dede1e,×,×,×,×,×
eef8c9bfb4434787672c303153eee500,√,√,√,√,√
eeff174666cce8ca67ae73d44d93054a,√,√,×,√,√
ef26915065225df65c1187562eca7ec4,√,×,×,√,√
ef407a599f0f549f62d91c3a00dcfb6c,√,√,×,√,√
ef4fc7fb905be7191cc2beb1421da37c,×,×,×,×,×
ef6caa586b647c3c032a4f84d52e3a11,√,×,×,√,√
ef7ed11b0abab37c94ad,√,√,×,√,√
ef9e5c352e54769c4d43,√,×,×,√,√
efabc30c4b2c9afd8a83,√,√,×,√,√
efbe081b2bde5662cc1e76db0e12289e,√,×,×,√,√
efce2e1a817a01441f08,√,√,×,√,√
efe482bad12c2fae6afe,√,√,√,√,×
f07d827a4818fda0db81,√,√,×,√,√
f0bc519824e46815939b240c4f6a7553,√,×,×,√,√
f112560fd04ce43c53d4,√,√,√,√,√
f11258583ffcc4728eb71adc0f38e832,√,×,×,√,×
f150b59dd68500099a56184dc25f1300,×,×,×,×,×
f15921b2257af1db953f,√,×,×,√,√
f17910ef74687b3a062bd403f79e340a,√,√,√,√,√
f18b7b54830270b01b99ba5e78024a39,×,×,×,×,×
f1a6bd3c8585c400c190,×,×,×,×,×
f1c94490e636a4ed54b4,√,×,×,√,√
f1eca6cb0061cde701c2,×,×,×,×,×
f234879ceb3a31e8ec54c601844ed706,×,×,×,×,×
f2608cbe54403edb0b13,√,√,√,√,√
f27efd1ddcbf57be0d14031a5e692015,×,×,×,×,×
f28b7a2d3356a0ed39823aaea66b50d0,×,×,×,×,×
f2bb0cc876828b54f2ed,√,×,×,√,√
f3190ebba6c53887d598d03119ca2066,×,×,×,×,×
f3538c32965575e59bcd,×,√,√,×,×
f35fbc80e066a49d65f1688a7e99f069,×,×,×,×,×
f390aabf53cf1406fc71166a47236ebf,√,×,√,√,√
f3ce814ee66c965638fe,×,×,×,×,×
f3f67424adda343fef40,×,×,×,×,×
f3fc4537fac67a0f2df2,×,×,×,×,×
f435aa0ccd498b0840d2407d599bf31d,×,√,√,×,×
f45de3bbabbcacd3ca29,×,×,×,×,×
f4b6f5c8f6c2a51c3f60,×,×,×,×,×
f4cc99efc90c487b6fed,×,×,×,×,×
f51df716906be1d8f7337ffa183d32f4,×,√,√,×,×
f53bb3e40edbceb38904,×,×,×,×,×
f551b2b6fd4d6b6e1ef2,×,×,×,×,×
f55c4ce19598b2b345ef,×,√,×,×,×
f5b0d13b0bb3e4ac0572,×,×,×,×,×
f5e40e52de480e53a243fa15af536a8e,√,√,×,√,√
f66cb485a3f3353402a5,×,×,×,×,×
f676b9bd2e6930dda95c,×,×,×,×,×
f6923957293620d6814052e0ccdf0ddf,×,×,×,×,×
f6df442d0250f265409c,√,√,×,√,√
f6effc4468cca6f4e8f0,√,√,√,√,√
f788cfd227cb94d0843235a2542026fd,×,×,×,×,×
f7d8b6cb045cbb65ab80,×,×,×,×,×
f7fdb8284643b1c175a9,×,×,×,×,×
f85e89bef4b6e9b83f2a,×,×,×,×,×
f884a43c59e26199591ec4e234d069f5,×,×,×,×,×
f8ab99789fd347a13591bc7eeff97149,√,√,√,√,√
f8b86d001a367aa7dde1ab6b587246b5,×,×,×,×,×
f8c9df05a65d311aa6ec,×,×,×,×,×
f93a377244be9bfcb96d3547b9bc424d,√,×,×,√,√
f940f98fbbac84d35e8d,×,√,×,×,×
f97205b73610dd30254652e7817f99cb,√,×,×,√,√
fa0647722365f5a4b2ad,×,×,×,×,×
fa287fc6448f84004284f5c086f59661,×,×,×,×,×
fa43af59f3ecf9b10c88,√,√,×,√,√
fa5755c7f7fa49b47961,×,√,×,×,×
fb9d710bd20579771b40,×,×,×,×,×
fbadce83877a36622720,×,×,×,×,×
fbb19b73fa25423f02e8,√,×,×,√,×
fbbdb1ba7c66cc4e1bb2,√,×,×,√,√
fbca5503c391c265f958f49b60af6bae,√,√,√,√,√
fbecc71022b62515a484a4a33d13014d,√,√,×,√,√
fc1527d6d9492b59c610,√,×,×,√,√
fc3589eeabaee9ac5c05,×,×,×,×,×
fcb9409ef1c1835fa5fb25a860991751,×,×,×,×,×
fcbdd3924ee230592ab4,×,×,×,×,×
fd65891daf183d99d91cb83b89e2a4c7,×,×,×,×,×
fd9ee43167f5cc1da130,√,×,×,√,√
fda9fd2a7a1e0bc458650ec4c3a0bf93,√,√,√,√,√
fdff82cc02b161d0141d,√,√,×,√,√
fe0d232bda81f15e838b,×,×,×,×,×
fe4fd5f27a4811cb0187,√,√,×,√,√
fe855653e9757e1ce8c4,×,×,×,×,×
fe8e267149862eb67127f4fff7e017be,×,×,×,×,×
feb86d4bdd9a658c122a706f26ba7e1e,√,×,√,√,√
ff122e8563793bb28f79,×,×,×,×,×
ff2f97d91c9bed820c15,√,√,×,√,√
ffb1b5f12d7ad787f6e4,×,×,×,×,×
ffd436e0a7897c9e872d,×,×,√,√,×
#√,1310,888,297,1272,1219
